10x20,62.0,178,"[1, 0, 0, 0, 3, 0, 1, 1, 1, 1, 2, 1, 1, 2, 3, 3]",55.0,217,"[1, 0, 0, 3, 0, 0, 1, 0, 1, 1, 1, 1, 1, 2, 2, 2, 3, 3]",55.0,208,"[1, 0, 0, 3, 0, 0, 1, 0, 1, 1, 1, 1, 1, 2, 2, 2, 3, 3]",55.0,187,"[1, 0, 0, 3, 0, 0, 1, 0, 1, 1, 1, 1, 1, 2, 2, 2, 3, 3]",55.0,135,"[1, 0, 0, 3, 0, 0, 1, 0, 1, 1, 1, 1, 1, 2, 2, 2, 3, 3]",59.0,88,"[1, 0, 0, 3, 0, 0, 1, 1, 0, 1, 1, 2, 2, 1, 2, 1, 3, 3]",55.0,222,"[1, 0, 0, 3, 0, 0, 1, 0, 1, 1, 1, 1, 1, 2, 2, 2, 3, 3]",55.0,223,"[1, 0, 0, 3, 0, 0, 1, 0, 1, 1, 1, 1, 1, 2, 2, 2, 3, 3]",55.0,223,"[1, 0, 0, 3, 0, 0, 1, 0, 1, 1, 1, 1, 1, 2, 2, 2, 3, 3]",55.0,223,"[1, 0, 0, 3, 0, 0, 1, 0, 1, 1, 1, 1, 1, 2, 2, 2, 3, 3]",55.0,223,"[1, 0, 0, 3, 0, 0, 1, 0, 1, 1, 1, 1, 1, 2, 2, 2, 3, 3]"
8x8,42.0,109,"[0, 0, 0, 0, 0, 1, 2, 2, 1, 1, 2]",25.0,41,"[0, 0, 0, 0, 1, 0, 1, 1, 2, 2, 2]",25.0,39,"[0, 0, 0, 0, 1, 0, 1, 1, 2, 2, 2]",25.0,27,"[0, 0, 0, 0, 1, 0, 1, 1, 2, 2, 2]",25.0,30,"[0, 0, 0, 0, 1, 0, 1, 1, 2, 2, 2]",42.0,60,"[0, 0, 0, 0, 0, 1, 2, 2, 1, 1, 2]",25.0,39,"[0, 0, 0, 0, 1, 0, 1, 1, 2, 2, 2]",25.0,42,"[0, 0, 0, 0, 1, 0, 1, 1, 2, 2, 2]",25.0,42,"[0, 0, 0, 0, 1, 0, 1, 1, 2, 2, 2]",25.0,42,"[0, 0, 0, 0, 1, 0, 1, 1, 2, 2, 2]",25.0,42,"[0, 0, 0, 0, 1, 0, 1, 1, 2, 2, 2]"
15x17,95.0,431,"[0, 0, 0, 0, 0, 1, 0, 0, 1, 0, 0, 0, 0, 1, 0, 0, 3, 1, 2, 1, 1, 1, 1, 1, 1, 1, 0, 1, 1, 1]",77.0,318,"[0, 0, 0, 0, 0, 1, 0, 0, 1, 0, 0, 1, 0, 0, 0, 0, 3, 1, 2, 1, 1, 1, 1, 1, 1, 1, 0, 1, 1, 1]",77.0,300,"[0, 0, 0, 0, 0, 1, 0, 0, 1, 0, 0, 1, 0, 0, 0, 0, 3, 1, 2, 1, 1, 1, 1, 1, 1, 1, 0, 1, 1, 1]",77.0,282,"[0, 0, 0, 0, 0, 1, 0, 0, 1, 0, 0, 1, 0, 0, 0, 0, 3, 1, 2, 1, 1, 1, 1, 1, 1, 1, 0, 1, 1, 1]",77.0,234,"[0, 0, 0, 0, 0, 1, 0, 0, 1, 0, 0, 1, 0, 0, 0, 0, 3, 1, 2, 1, 1, 1, 1, 1, 1, 1, 0, 1, 1, 1]",77.0,317,"[0, 0, 0, 0, 0, 1, 0, 0, 1, 0, 0, 1, 0, 0, 0, 0, 3, 1, 2, 1, 1, 1, 1, 1, 1, 1, 0, 1, 1, 1]",77.0,334,"[0, 0, 0, 0, 0, 1, 0, 0, 1, 0, 0, 1, 0, 0, 0, 0, 3, 1, 2, 1, 1, 1, 1, 1, 1, 1, 0, 1, 1, 1]",77.0,340,"[0, 0, 0, 0, 0, 1, 0, 0, 1, 0, 0, 1, 0, 0, 0, 0, 3, 1, 2, 1, 1, 1, 1, 1, 1, 1, 0, 1, 1, 1]",77.0,340,"[0, 0, 0, 0, 0, 1, 0, 0, 1, 0, 0, 1, 0, 0, 0, 0, 3, 1, 2, 1, 1, 1, 1, 1, 1, 1, 0, 1, 1, 1]",77.0,340,"[0, 0, 0, 0, 0, 1, 0, 0, 1, 0, 0, 1, 0, 0, 0, 0, 3, 1, 2, 1, 1, 1, 1, 1, 1, 1, 0, 1, 1, 1]",77.0,340,"[0, 0, 0, 0, 0, 1, 0, 0, 1, 0, 0, 1, 0, 0, 0, 0, 3, 1, 2, 1, 1, 1, 1, 1, 1, 1, 0, 1, 1, 1]"
20x12,0,0,[],0,0,[],0,0,[],0,0,[],0,0,[],0,0,[],0,0,[],0,0,[],0,0,[],0,0,[],0,0,[]
11x8,92.0,219,"[1, 0, 0, 0, 1, 1, 1, 1, 0, 0, 0, 0, 3, 3, 3, 3, 0, 3, 1, 1]",77.0,151,"[1, 0, 1, 0, 1, 1, 1, 0, 0, 0, 0, 0, 3, 3, 3, 3, 0, 3, 1, 1]",77.0,150,"[1, 0, 1, 0, 1, 1, 1, 0, 0, 0, 0, 0, 3, 3, 3, 3, 0, 3, 1, 1]",77.0,149,"[1, 0, 1, 0, 1, 1, 1, 0, 0, 0, 0, 0, 3, 3, 3, 3, 0, 3, 1, 1]",77.0,145,"[1, 0, 1, 0, 1, 1, 1, 0, 0, 0, 0, 0, 3, 3, 3, 3, 0, 3, 1, 1]",77.0,134,"[1, 0, 1, 0, 1, 1, 1, 0, 0, 0, 0, 0, 3, 3, 3, 3, 0, 3, 1, 1]",77.0,162,"[1, 0, 1, 0, 1, 1, 1, 0, 0, 0, 0, 0, 3, 3, 3, 3, 0, 3, 1, 1]",77.0,162,"[1, 0, 1, 0, 1, 1, 1, 0, 0, 0, 0, 0, 3, 3, 3, 3, 0, 3, 1, 1]",77.0,162,"[1, 0, 1, 0, 1, 1, 1, 0, 0, 0, 0, 0, 3, 3, 3, 3, 0, 3, 1, 1]",77.0,162,"[1, 0, 1, 0, 1, 1, 1, 0, 0, 0, 0, 0, 3, 3, 3, 3, 0, 3, 1, 1]",77.0,162,"[1, 0, 1, 0, 1, 1, 1, 0, 0, 0, 0, 0, 3, 3, 3, 3, 0, 3, 1, 1]"
20x19,160.0,894,"[0, 0, 0, 0, 0, 0, 1, 0, 0, 0, 1, 0, 1, 1, 1, 1, 1, 1, 0, 0, 0, 0, 0, 0, 0, 1, 1, 1, 1, 0, 3, 3, 3, 3, 3, 3, 3, 2, 2, 2, 3, 2]",106.0,715,"[0, 1, 0, 1, 1, 1, 1, 1, 1, 1, 0, 0, 0, 1, 0, 1, 0, 0, 0, 0, 0, 0, 0, 0, 0, 0, 0, 3, 1, 1, 1, 3, 2, 3, 2, 3, 3, 2, 3, 3, 0, 3, 3, 2]",106.0,679,"[0, 1, 0, 1, 1, 1, 1, 1, 1, 1, 0, 0, 0, 1, 0, 1, 0, 0, 0, 0, 0, 0, 0, 0, 0, 0, 0, 3, 1, 1, 1, 3, 2, 3, 2, 3, 3, 2, 3, 3, 0, 3, 3, 2]",106.0,612,"[0, 1, 0, 1, 1, 1, 1, 1, 1, 1, 0, 0, 0, 1, 0, 1, 0, 0, 0, 0, 0, 0, 0, 0, 0, 0, 0, 3, 1, 1, 1, 3, 2, 3, 2, 3, 3, 2, 3, 3, 0, 3, 3, 2]",106.0,510,"[0, 1, 0, 1, 1, 1, 1, 1, 1, 1, 0, 0, 0, 1, 0, 1, 0, 0, 0, 0, 0, 0, 0, 0, 0, 0, 0, 1, 1, 3, 3, 3, 1, 2, 2, 3, 3, 2, 3, 3, 0, 3, 3, 2]",111.0,1658,"[0, 1, 0, 1, 1, 1, 1, 1, 1, 1, 0, 0, 0, 1, 0, 1, 0, 0, 0, 0, 0, 0, 0, 0, 0, 0, 0, 1, 1, 3, 3, 3, 2, 2, 3, 2, 3, 3, 0, 3, 3, 2]",106.0,736,"[0, 1, 0, 1, 1, 1, 1, 1, 1, 1, 0, 0, 0, 1, 0, 1, 0, 0, 0, 0, 0, 0, 0, 0, 0, 0, 0, 3, 1, 1, 1, 3, 2, 3, 2, 3, 3, 2, 3, 3, 0, 3, 3, 2]",106.0,739,"[0, 1, 0, 1, 1, 1, 1, 1, 1, 1, 0, 0, 0, 1, 0, 1, 0, 0, 0, 0, 0, 0, 0, 0, 0, 0, 0, 3, 1, 1, 1, 3, 2, 3, 2, 3, 3, 2, 3, 3, 0, 3, 3, 2]",106.0,739,"[0, 1, 0, 1, 1, 1, 1, 1, 1, 1, 0, 0, 0, 1, 0, 1, 0, 0, 0, 0, 0, 0, 0, 0, 0, 0, 0, 3, 1, 1, 1, 3, 2, 3, 2, 3, 3, 2, 3, 3, 0, 3, 3, 2]",106.0,739,"[0, 1, 0, 1, 1, 1, 1, 1, 1, 1, 0, 0, 0, 1, 0, 1, 0, 0, 0, 0, 0, 0, 0, 0, 0, 0, 0, 3, 1, 1, 1, 3, 2, 3, 2, 3, 3, 2, 3, 3, 0, 3, 3, 2]",106.0,739,"[0, 1, 0, 1, 1, 1, 1, 1, 1, 1, 0, 0, 0, 1, 0, 1, 0, 0, 0, 0, 0, 0, 0, 0, 0, 0, 0, 3, 1, 1, 1, 3, 2, 3, 2, 3, 3, 2, 3, 3, 0, 3, 3, 2]"
13x11,114.0,362,"[0, 1, 0, 1, 1, 1, 1, 1, 0, 0, 0, 3, 3, 0, 0, 0, 0, 0, 0, 3, 3, 3, 3, 1, 1, 0, 1, 1]",77.0,323,"[0, 1, 0, 1, 1, 1, 1, 1, 3, 3, 0, 0, 3, 0, 0, 0, 3, 3, 3, 0, 0, 0, 0, 1, 1, 1, 0, 1]",77.0,314,"[0, 1, 0, 1, 1, 1, 1, 1, 3, 3, 0, 0, 3, 0, 0, 0, 3, 3, 3, 0, 0, 0, 0, 1, 1, 1, 0, 1]",77.0,295,"[0, 1, 0, 1, 1, 1, 1, 1, 3, 3, 0, 0, 3, 0, 0, 0, 3, 3, 3, 0, 0, 0, 0, 1, 1, 1, 0, 1]",77.0,255,"[0, 1, 0, 1, 1, 1, 1, 1, 3, 3, 0, 0, 3, 0, 0, 0, 3, 3, 3, 0, 0, 0, 0, 1, 1, 1, 0, 1]",77.0,208,"[0, 1, 0, 1, 1, 1, 1, 1, 3, 3, 0, 0, 3, 0, 0, 0, 3, 3, 3, 0, 0, 0, 0, 1, 1, 1, 0, 1]",77.0,340,"[0, 1, 0, 1, 1, 1, 1, 1, 3, 3, 0, 0, 3, 0, 0, 0, 3, 3, 3, 0, 0, 0, 0, 1, 1, 1, 0, 1]",77.0,341,"[0, 1, 0, 1, 1, 1, 1, 1, 3, 3, 0, 0, 3, 0, 0, 0, 3, 3, 3, 0, 0, 0, 0, 1, 1, 1, 0, 1]",77.0,341,"[0, 1, 0, 1, 1, 1, 1, 1, 3, 3, 0, 0, 3, 0, 0, 0, 3, 3, 3, 0, 0, 0, 0, 1, 1, 1, 0, 1]",77.0,341,"[0, 1, 0, 1, 1, 1, 1, 1, 3, 3, 0, 0, 3, 0, 0, 0, 3, 3, 3, 0, 0, 0, 0, 1, 1, 1, 0, 1]",77.0,341,"[0, 1, 0, 1, 1, 1, 1, 1, 3, 3, 0, 0, 3, 0, 0, 0, 3, 3, 3, 0, 0, 0, 0, 1, 1, 1, 0, 1]"
20x11,141.0,587,"[0, 1, 1, 1, 0, 0, 0, 1, 0, 0, 0, 0, 0, 3, 0, 0, 0, 0, 0, 0, 1, 0, 1, 1, 1, 1, 1, 1, 2, 2, 2, 2, 2, 2, 2, 2]",92.0,461,"[1, 1, 0, 1, 0, 0, 1, 0, 0, 0, 0, 0, 3, 0, 0, 0, 0, 1, 1, 1, 1, 0, 1, 1, 0, 0, 0, 1, 2, 2, 2, 2, 2, 2, 2, 2]",92.0,445,"[1, 1, 0, 1, 0, 0, 1, 0, 0, 0, 0, 0, 3, 0, 0, 0, 0, 1, 1, 1, 1, 0, 1, 1, 0, 0, 0, 1, 2, 2, 2, 2, 2, 2, 2, 2]",92.0,412,"[1, 1, 0, 1, 0, 0, 1, 0, 0, 0, 0, 0, 3, 0, 0, 0, 0, 1, 1, 1, 1, 0, 1, 1, 0, 0, 0, 1, 2, 2, 2, 2, 2, 2, 2, 2]",92.0,376,"[1, 1, 0, 1, 0, 0, 1, 0, 0, 0, 0, 0, 3, 0, 0, 0, 0, 1, 1, 1, 1, 0, 1, 1, 0, 0, 0, 1, 2, 2, 2, 2, 2, 2, 2, 2]",92.0,891,"[1, 1, 0, 1, 0, 0, 1, 0, 0, 0, 0, 0, 3, 0, 0, 0, 0, 1, 1, 1, 1, 0, 1, 1, 0, 0, 0, 1, 2, 2, 2, 2, 2, 2, 2, 2]",92.0,469,"[1, 1, 0, 1, 0, 0, 1, 0, 0, 0, 0, 0, 3, 0, 0, 0, 0, 1, 1, 1, 1, 0, 1, 1, 0, 0, 0, 1, 2, 2, 2, 2, 2, 2, 2, 2]",92.0,469,"[1, 1, 0, 1, 0, 0, 1, 0, 0, 0, 0, 0, 3, 0, 0, 0, 0, 1, 1, 1, 1, 0, 1, 1, 0, 0, 0, 1, 2, 2, 2, 2, 2, 2, 2, 2]",92.0,469,"[1, 1, 0, 1, 0, 0, 1, 0, 0, 0, 0, 0, 3, 0, 0, 0, 0, 1, 1, 1, 1, 0, 1, 1, 0, 0, 0, 1, 2, 2, 2, 2, 2, 2, 2, 2]",92.0,469,"[1, 1, 0, 1, 0, 0, 1, 0, 0, 0, 0, 0, 3, 0, 0, 0, 0, 1, 1, 1, 1, 0, 1, 1, 0, 0, 0, 1, 2, 2, 2, 2, 2, 2, 2, 2]",92.0,469,"[1, 1, 0, 1, 0, 0, 1, 0, 0, 0, 0, 0, 3, 0, 0, 0, 0, 1, 1, 1, 1, 0, 1, 1, 0, 0, 0, 1, 2, 2, 2, 2, 2, 2, 2, 2]"
9x17,109.0,460,"[0, 1, 1, 1, 1, 0, 1, 0, 0, 0, 1, 0, 0, 1, 0, 1, 1, 1, 3, 2, 2, 1, 2, 1, 1, 2, 1, 1, 2, 2]",69.0,355,"[1, 0, 1, 1, 1, 0, 1, 0, 1, 0, 0, 0, 0, 1, 1, 1, 0, 1, 3, 2, 3, 2, 2, 2, 2, 1, 2, 1, 2, 1, 1, 1, 1, 0]",69.0,338,"[1, 0, 1, 1, 1, 0, 1, 0, 1, 0, 0, 0, 0, 1, 1, 1, 0, 1, 3, 2, 3, 2, 2, 2, 2, 1, 2, 1, 2, 1, 1, 1, 1, 0]",69.0,309,"[1, 0, 1, 1, 1, 0, 1, 0, 1, 0, 0, 0, 0, 1, 1, 1, 0, 1, 3, 2, 3, 2, 2, 2, 2, 1, 2, 1, 2, 1, 1, 1, 1, 0]",69.0,262,"[1, 0, 1, 1, 1, 0, 1, 0, 1, 0, 0, 0, 0, 1, 1, 1, 0, 1, 3, 2, 3, 2, 2, 2, 2, 1, 2, 1, 2, 1, 1, 1, 1, 0]",76.0,314,"[1, 0, 1, 1, 1, 0, 1, 0, 1, 0, 0, 0, 0, 1, 1, 1, 0, 1, 3, 2, 2, 2, 2, 1, 1, 1, 1, 1, 2, 2]",69.0,346,"[1, 0, 1, 1, 1, 0, 1, 0, 1, 0, 0, 0, 0, 1, 1, 1, 0, 1, 3, 2, 3, 2, 2, 2, 2, 1, 2, 1, 2, 1, 1, 1, 1, 0]",69.0,361,"[1, 0, 1, 1, 1, 0, 1, 0, 1, 0, 0, 0, 0, 1, 1, 1, 0, 1, 3, 2, 3, 2, 2, 2, 2, 1, 2, 1, 2, 1, 1, 1, 1, 0]",69.0,361,"[1, 0, 1, 1, 1, 0, 1, 0, 1, 0, 0, 0, 0, 1, 1, 1, 0, 1, 3, 2, 3, 2, 2, 2, 2, 1, 2, 1, 2, 1, 1, 1, 1, 0]",69.0,361,"[1, 0, 1, 1, 1, 0, 1, 0, 1, 0, 0, 0, 0, 1, 1, 1, 0, 1, 3, 2, 3, 2, 2, 2, 2, 1, 2, 1, 2, 1, 1, 1, 1, 0]",69.0,361,"[1, 0, 1, 1, 1, 0, 1, 0, 1, 0, 0, 0, 0, 1, 1, 1, 0, 1, 3, 2, 3, 2, 2, 2, 2, 1, 2, 1, 2, 1, 1, 1, 1, 0]"
Edge1,3.0,4,"[1, 0, 3]",3.0,6,"[1, 0, 3]",3.0,6,"[1, 0, 3]",3.0,6,"[1, 0, 3]",3.0,6,"[1, 0, 3]",3.0,6,"[1, 0, 3]",3.0,6,"[1, 0, 3]",3.0,6,"[1, 0, 3]",3.0,6,"[1, 0, 3]",3.0,7,"[1, 0, 3]",3.0,7,"[1, 0, 3]"
Edge2,4.0,8,"[0, 2, 1, 0]",4.0,9,"[0, 2, 1, 0]",4.0,9,"[0, 2, 1, 0]",4.0,9,"[0, 2, 1, 0]",4.0,8,"[0, 2, 1, 0]",4.0,8,"[0, 2, 1, 0]",4.0,9,"[0, 2, 1, 0]",4.0,9,"[0, 2, 1, 0]",4.0,10,"[0, 2, 1, 0]",4.0,10,"[0, 2, 1, 0]",4.0,10,"[0, 2, 1, 0]"
Edge3,23.0,10,"[1, 1, 0, 0, 3]",23.0,8,"[1, 1, 0, 0, 3]",23.0,8,"[1, 1, 0, 0, 3]",23.0,8,"[1, 1, 0, 0, 3]",23.0,8,"[1, 1, 0, 0, 3]",23.0,7,"[1, 1, 0, 0, 3]",23.0,8,"[1, 1, 0, 0, 3]",23.0,8,"[1, 1, 0, 0, 3]",23.0,8,"[1, 1, 0, 0, 3]",23.0,8,"[1, 1, 0, 0, 3]",23.0,8,"[1, 1, 0, 0, 3]"
35x29,180.0,1703,"[0, 1, 1, 0, 0, 0, 0, 0, 0, 0, 0, 1, 1, 1, 1, 1, 0, 1, 1, 1, 1, 1, 1, 1, 1, 1, 1, 1, 1, 1, 1, 1, 2, 2, 0, 0, 0, 0, 0, 3, 0, 3, 3, 0, 0]",108.0,1082,"[0, 1, 1, 0, 1, 1, 1, 1, 1, 1, 1, 2, 1, 1, 0, 0, 1, 1, 0, 0, 0, 0, 1, 1, 1, 1, 0, 0, 0, 1, 1, 0, 1, 1, 2, 2, 1, 2, 0, 3, 0, 0, 3, 0, 0, 0, 3, 0, 0]",108.0,1004,"[0, 1, 1, 0, 1, 1, 1, 1, 1, 1, 1, 2, 1, 1, 0, 0, 1, 1, 0, 0, 0, 0, 1, 1, 1, 1, 0, 0, 0, 1, 1, 0, 1, 1, 2, 2, 1, 2, 0, 3, 0, 0, 3, 0, 0, 0, 3, 0, 0]",108.0,870,"[0, 1, 1, 0, 1, 1, 1, 1, 1, 1, 1, 2, 1, 1, 0, 0, 1, 1, 0, 0, 0, 0, 1, 1, 1, 1, 0, 0, 0, 1, 1, 0, 1, 1, 2, 2, 1, 2, 0, 3, 0, 0, 3, 0, 0, 0, 3, 0, 0]",108.0,760,"[0, 1, 1, 0, 1, 1, 1, 1, 1, 1, 1, 2, 1, 1, 0, 0, 1, 1, 0, 0, 0, 0, 1, 1, 1, 1, 0, 0, 0, 1, 1, 0, 1, 1, 2, 2, 1, 2, 0, 3, 0, 0, 3, 0, 0, 0, 3, 0, 0]",133.0,641,"[0, 1, 1, 0, 1, 1, 1, 1, 0, 1, 1, 0, 0, 0, 0, 0, 0, 1, 1, 1, 0, 1, 1, 2, 1, 2, 2, 1, 1, 1, 0, 1, 1, 2, 1, 1, 1, 0, 0, 3, 0, 0, 3, 3, 2, 3, 1, 0, 0, 3, 0, 0, 1, 0, 0]",108.0,1082,"[0, 1, 1, 0, 1, 1, 1, 1, 1, 1, 1, 2, 1, 1, 0, 0, 1, 1, 0, 0, 0, 0, 1, 1, 1, 1, 0, 0, 0, 1, 1, 0, 1, 1, 2, 2, 1, 2, 0, 3, 0, 0, 3, 0, 0, 0, 3, 0, 0]",108.0,1111,"[0, 1, 1, 0, 1, 1, 1, 1, 1, 1, 1, 2, 1, 1, 0, 0, 1, 1, 0, 0, 0, 0, 1, 1, 1, 1, 0, 0, 0, 1, 1, 0, 1, 1, 2, 2, 1, 2, 0, 3, 0, 0, 3, 0, 0, 0, 3, 0, 0]",108.0,1111,"[0, 1, 1, 0, 1, 1, 1, 1, 1, 1, 1, 2, 1, 1, 0, 0, 1, 1, 0, 0, 0, 0, 1, 1, 1, 1, 0, 0, 0, 1, 1, 0, 1, 1, 2, 2, 1, 2, 0, 3, 0, 0, 3, 0, 0, 0, 3, 0, 0]",108.0,1111,"[0, 1, 1, 0, 1, 1, 1, 1, 1, 1, 1, 2, 1, 1, 0, 0, 1, 1, 0, 0, 0, 0, 1, 1, 1, 1, 0, 0, 0, 1, 1, 0, 1, 1, 2, 2, 1, 2, 0, 3, 0, 0, 3, 0, 0, 0, 3, 0, 0]",108.0,1111,"[0, 1, 1, 0, 1, 1, 1, 1, 1, 1, 1, 2, 1, 1, 0, 0, 1, 1, 0, 0, 0, 0, 1, 1, 1, 1, 0, 0, 0, 1, 1, 0, 1, 1, 2, 2, 1, 2, 0, 3, 0, 0, 3, 0, 0, 0, 3, 0, 0]"
45x38,0,0,[],0,0,[],0,0,[],0,0,[],0,0,[],0,0,[],0,0,[],0,0,[],0,0,[],0,0,[],0,0,[]
47x48,283.0,3492,"[1, 1, 1, 0, 0, 0, 0, 0, 0, 0, 0, 0, 1, 0, 0, 1, 1, 1, 1, 0, 0, 0, 1, 1, 1, 1, 1, 0, 1, 1, 1, 1, 1, 1, 1, 1, 1, 1, 1, 1, 1, 0, 0, 0, 0, 0, 1, 0, 0, 0, 0, 0, 0, 2, 2, 2, 2, 2, 2, 3, 3, 3, 3, 2, 3, 2]",197.0,3265,"[1, 1, 1, 0, 0, 0, 0, 0, 0, 1, 1, 1, 1, 1, 1, 0, 1, 1, 1, 1, 0, 1, 1, 1, 0, 1, 1, 1, 1, 0, 1, 1, 0, 1, 0, 0, 1, 0, 0, 3, 1, 1, 1, 0, 0, 0, 0, 0, 3, 0, 0, 1, 0, 0, 0, 1, 0, 2, 3, 2, 3, 3, 3, 2, 3, 2, 2, 2, 2, 2]",197.0,2899,"[1, 1, 1, 0, 0, 0, 0, 0, 0, 1, 1, 1, 1, 1, 1, 0, 1, 1, 1, 1, 0, 1, 1, 1, 0, 1, 1, 1, 1, 0, 1, 1, 0, 1, 0, 0, 1, 0, 0, 3, 1, 1, 1, 0, 0, 0, 0, 0, 3, 0, 0, 1, 0, 0, 0, 1, 0, 2, 3, 2, 3, 3, 3, 2, 3, 2, 2, 2, 2, 2]",197.0,2385,"[1, 1, 1, 0, 0, 0, 0, 0, 0, 1, 1, 1, 1, 1, 1, 0, 1, 1, 1, 1, 0, 1, 1, 1, 0, 1, 1, 1, 1, 0, 1, 1, 0, 1, 0, 0, 1, 0, 0, 3, 1, 1, 1, 0, 0, 0, 0, 0, 3, 0, 0, 1, 0, 0, 0, 1, 0, 2, 3, 2, 3, 3, 3, 2, 3, 2, 2, 2, 2, 2]",197.0,1930,"[1, 1, 1, 0, 0, 0, 0, 0, 0, 1, 1, 1, 1, 1, 1, 0, 1, 1, 1, 1, 0, 1, 1, 1, 0, 1, 1, 1, 1, 0, 1, 1, 0, 1, 0, 0, 1, 0, 0, 3, 1, 1, 1, 0, 0, 0, 0, 0, 3, 0, 0, 1, 0, 0, 0, 1, 0, 2, 3, 2, 3, 3, 3, 2, 3, 2, 2, 2, 2, 2]",209.0,3859,"[1, 1, 1, 0, 1, 0, 0, 3, 0, 0, 0, 1, 0, 1, 0, 0, 1, 1, 1, 1, 0, 1, 1, 0, 0, 1, 1, 0, 0, 1, 1, 0, 0, 1, 1, 0, 1, 0, 0, 1, 1, 1, 1, 0, 0, 0, 0, 1, 0, 1, 1, 1, 0, 1, 0, 2, 3, 2, 2, 2, 3, 2, 2, 1, 2, 2, 2, 2, 2, 3, 3, 3, 0, 3, 0, 0]",197.0,3182,"[1, 1, 1, 0, 0, 0, 0, 0, 0, 1, 1, 1, 1, 1, 1, 0, 1, 1, 1, 1, 0, 1, 1, 1, 0, 1, 1, 1, 1, 0, 1, 1, 0, 1, 0, 1, 0, 0, 0, 3, 1, 1, 1, 0, 0, 0, 0, 0, 3, 0, 0, 1, 0, 0, 0, 1, 0, 2, 3, 2, 3, 3, 3, 2, 3, 2, 2, 2, 2, 2]",197.0,3409,"[1, 1, 1, 0, 0, 0, 0, 0, 0, 1, 1, 1, 1, 1, 1, 0, 1, 1, 1, 1, 0, 1, 1, 1, 0, 1, 1, 1, 1, 0, 1, 1, 0, 1, 0, 1, 0, 0, 0, 3, 1, 1, 1, 0, 0, 0, 0, 0, 3, 0, 0, 1, 0, 0, 0, 1, 0, 2, 3, 2, 3, 3, 3, 2, 3, 2, 2, 2, 2, 2]",197.0,3409,"[1, 1, 1, 0, 0, 0, 0, 0, 0, 1, 1, 1, 1, 1, 1, 0, 1, 1, 1, 1, 0, 1, 1, 1, 0, 1, 1, 1, 1, 0, 1, 1, 0, 1, 0, 1, 0, 0, 0, 3, 1, 1, 1, 0, 0, 0, 0, 0, 3, 0, 0, 1, 0, 0, 0, 1, 0, 2, 3, 2, 3, 3, 3, 2, 3, 2, 2, 2, 2, 2]",197.0,3409,"[1, 1, 1, 0, 0, 0, 0, 0, 0, 1, 1, 1, 1, 1, 1, 0, 1, 1, 1, 1, 0, 1, 1, 1, 0, 1, 1, 1, 1, 0, 1, 1, 0, 1, 0, 1, 0, 0, 0, 3, 1, 1, 1, 0, 0, 0, 0, 0, 3, 0, 0, 1, 0, 0, 0, 1, 0, 2, 3, 2, 3, 3, 3, 2, 3, 2, 2, 2, 2, 2]",197.0,3409,"[1, 1, 1, 0, 0, 0, 0, 0, 0, 1, 1, 1, 1, 1, 1, 0, 1, 1, 1, 1, 0, 1, 1, 1, 0, 1, 1, 1, 1, 0, 1, 1, 0, 1, 0, 1, 0, 0, 0, 3, 1, 1, 1, 0, 0, 0, 0, 0, 3, 0, 0, 1, 0, 0, 0, 1, 0, 2, 3, 2, 3, 3, 3, 2, 3, 2, 2, 2, 2, 2]"
22x40,357.0,3081,"[0, 0, 0, 1, 1, 1, 1, 1, 1, 1, 0, 1, 1, 0, 1, 1, 0, 1, 1, 1, 1, 0, 1, 1, 1, 1, 1, 1, 0, 0, 1, 1, 1, 1, 1, 1, 1, 0, 0, 0, 1, 1, 1, 1, 1, 1, 1, 1, 1, 1, 1, 3, 3, 3, 3, 3, 3, 3, 3, 3, 0, 3, 3, 3, 3, 3, 2, 3, 3, 0, 0, 0, 0, 3, 3, 3, 3, 3, 0, 3, 0, 0, 3, 3, 3, 0, 3, 3, 3, 3, 3, 3, 3, 3, 3, 0, 3, 3, 3, 3, 3, 2, 2]",267.0,2494,"[0, 0, 1, 0, 1, 1, 1, 1, 1, 1, 1, 1, 1, 0, 0, 1, 0, 1, 1, 1, 1, 1, 2, 1, 1, 1, 0, 1, 1, 2, 1, 1, 1, 1, 0, 0, 0, 1, 1, 0, 1, 1, 1, 1, 1, 1, 1, 0, 0, 0, 1, 1, 1, 1, 1, 3, 3, 3, 3, 3, 2, 2, 2, 3, 3, 3, 3, 3, 0, 3, 0, 0, 0, 3, 3, 3, 2, 3, 3, 0, 0, 0, 0, 3, 3, 3, 2, 3, 3, 3, 3, 3, 2, 3, 3, 3, 3, 3, 3, 3, 3, 0, 3, 0, 3, 3, 3, 0, 3, 0, 0, 0, 0, 3, 3, 2, 2]",267.0,2442,"[0, 0, 1, 0, 1, 1, 1, 1, 1, 1, 1, 1, 1, 0, 0, 1, 0, 1, 1, 1, 1, 1, 2, 1, 1, 1, 0, 1, 1, 2, 1, 1, 1, 1, 0, 0, 0, 1, 1, 0, 1, 1, 1, 1, 1, 1, 1, 0, 0, 0, 1, 1, 1, 1, 1, 3, 3, 3, 3, 3, 2, 2, 2, 3, 3, 3, 3, 3, 0, 3, 0, 0, 0, 3, 3, 3, 2, 3, 3, 0, 0, 0, 0, 3, 3, 3, 2, 3, 3, 3, 3, 3, 2, 3, 3, 3, 3, 3, 3, 3, 3, 0, 3, 0, 3, 3, 3, 0, 3, 0, 0, 0, 0, 3, 3, 2, 2]",267.0,2319,"[0, 0, 1, 0, 1, 1, 1, 1, 1, 1, 1, 1, 1, 0, 0, 1, 0, 1, 1, 1, 1, 1, 2, 1, 1, 1, 0, 1, 1, 2, 1, 1, 1, 1, 0, 0, 0, 1, 1, 0, 1, 1, 1, 1, 1, 1, 1, 0, 0, 0, 1, 1, 1, 1, 1, 3, 3, 3, 3, 3, 2, 2, 2, 3, 3, 3, 3, 3, 0, 3, 0, 0, 0, 3, 3, 3, 2, 3, 3, 0, 0, 0, 0, 3, 3, 3, 2, 3, 3, 3, 3, 3, 2, 3, 3, 3, 3, 3, 3, 3, 3, 0, 3, 0, 3, 3, 3, 0, 3, 0, 0, 0, 0, 3, 3, 2, 2]",267.0,2134,"[0, 0, 1, 0, 1, 1, 1, 1, 1, 1, 1, 1, 1, 0, 0, 1, 0, 1, 1, 1, 1, 1, 2, 1, 1, 1, 0, 1, 1, 2, 1, 1, 1, 1, 0, 0, 0, 1, 1, 0, 1, 1, 1, 1, 1, 1, 1, 0, 0, 0, 1, 1, 1, 1, 1, 3, 3, 3, 3, 3, 2, 2, 2, 3, 3, 3, 3, 3, 0, 3, 0, 0, 0, 3, 3, 3, 2, 3, 3, 0, 0, 0, 0, 3, 3, 3, 2, 3, 3, 3, 3, 3, 2, 3, 3, 3, 3, 3, 3, 3, 3, 0, 3, 0, 3, 3, 3, 0, 3, 0, 0, 0, 0, 3, 3, 2, 2]",331.0,3813,"[0, 0, 1, 0, 1, 1, 1, 1, 1, 1, 1, 1, 1, 0, 0, 1, 0, 1, 1, 1, 1, 1, 2, 1, 1, 1, 0, 1, 1, 2, 1, 1, 1, 1, 0, 0, 0, 1, 1, 0, 1, 1, 1, 1, 1, 1, 1, 0, 0, 0, 1, 1, 1, 1, 1, 0, 0, 3, 3, 0, 3, 0, 0, 3, 3, 0, 3, 3, 3, 3, 3, 3, 3, 0, 3, 3, 3, 0, 3, 3, 3, 3, 0, 3, 3, 2, 2, 3, 3, 2, 3, 3, 3, 0, 3, 0, 3, 3, 3, 3, 3, 3, 3, 0, 3, 3, 3, 3, 3, 2, 2]",267.0,2508,"[0, 0, 1, 0, 1, 1, 1, 1, 1, 1, 1, 1, 1, 0, 0, 1, 0, 1, 1, 1, 1, 1, 2, 1, 1, 1, 0, 1, 1, 2, 1, 1, 1, 1, 0, 0, 0, 1, 1, 0, 1, 1, 1, 1, 1, 1, 1, 0, 0, 0, 1, 1, 1, 1, 1, 3, 3, 3, 3, 3, 2, 2, 2, 3, 3, 3, 3, 3, 0, 3, 0, 0, 0, 3, 3, 3, 2, 3, 3, 0, 0, 0, 0, 3, 3, 3, 2, 3, 3, 3, 2, 3, 3, 3, 3, 3, 3, 3, 3, 3, 3, 0, 3, 0, 3, 3, 3, 0, 3, 0, 0, 0, 0, 3, 3, 2, 2]",267.0,2513,"[0, 0, 1, 0, 1, 1, 1, 1, 1, 1, 1, 1, 1, 0, 0, 1, 0, 1, 1, 1, 1, 1, 2, 1, 1, 1, 0, 1, 1, 2, 1, 1, 1, 1, 0, 0, 0, 1, 1, 0, 1, 1, 1, 1, 1, 1, 1, 0, 0, 0, 1, 1, 1, 1, 1, 3, 3, 3, 3, 3, 2, 2, 2, 3, 3, 3, 3, 3, 0, 3, 0, 0, 0, 3, 3, 3, 2, 3, 3, 0, 0, 0, 0, 3, 3, 3, 2, 3, 3, 3, 2, 3, 3, 3, 3, 3, 3, 3, 3, 3, 3, 0, 3, 0, 3, 3, 3, 0, 3, 0, 0, 0, 0, 3, 3, 2, 2]",267.0,2513,"[0, 0, 1, 0, 1, 1, 1, 1, 1, 1, 1, 1, 1, 0, 0, 1, 0, 1, 1, 1, 1, 1, 2, 1, 1, 1, 0, 1, 1, 2, 1, 1, 1, 1, 0, 0, 0, 1, 1, 0, 1, 1, 1, 1, 1, 1, 1, 0, 0, 0, 1, 1, 1, 1, 1, 3, 3, 3, 3, 3, 2, 2, 2, 3, 3, 3, 3, 3, 0, 3, 0, 0, 0, 3, 3, 3, 2, 3, 3, 0, 0, 0, 0, 3, 3, 3, 2, 3, 3, 3, 2, 3, 3, 3, 3, 3, 3, 3, 3, 3, 3, 0, 3, 0, 3, 3, 3, 0, 3, 0, 0, 0, 0, 3, 3, 2, 2]",267.0,2513,"[0, 0, 1, 0, 1, 1, 1, 1, 1, 1, 1, 1, 1, 0, 0, 1, 0, 1, 1, 1, 1, 1, 2, 1, 1, 1, 0, 1, 1, 2, 1, 1, 1, 1, 0, 0, 0, 1, 1, 0, 1, 1, 1, 1, 1, 1, 1, 0, 0, 0, 1, 1, 1, 1, 1, 3, 3, 3, 3, 3, 2, 2, 2, 3, 3, 3, 3, 3, 0, 3, 0, 0, 0, 3, 3, 3, 2, 3, 3, 0, 0, 0, 0, 3, 3, 3, 2, 3, 3, 3, 2, 3, 3, 3, 3, 3, 3, 3, 3, 3, 3, 0, 3, 0, 3, 3, 3, 0, 3, 0, 0, 0, 0, 3, 3, 2, 2]",267.0,2513,"[0, 0, 1, 0, 1, 1, 1, 1, 1, 1, 1, 1, 1, 0, 0, 1, 0, 1, 1, 1, 1, 1, 2, 1, 1, 1, 0, 1, 1, 2, 1, 1, 1, 1, 0, 0, 0, 1, 1, 0, 1, 1, 1, 1, 1, 1, 1, 0, 0, 0, 1, 1, 1, 1, 1, 3, 3, 3, 3, 3, 2, 2, 2, 3, 3, 3, 3, 3, 0, 3, 0, 0, 0, 3, 3, 3, 2, 3, 3, 0, 0, 0, 0, 3, 3, 3, 2, 3, 3, 3, 2, 3, 3, 3, 3, 3, 3, 3, 3, 3, 3, 0, 3, 0, 3, 3, 3, 0, 3, 0, 0, 0, 0, 3, 3, 2, 2]"
21x26,134.0,1245,"[0, 0, 0, 0, 1, 1, 1, 1, 1, 0, 0, 0, 0, 0, 0, 0, 0, 0, 0, 0, 0, 0, 1, 1, 1, 0, 1, 1, 0, 1, 1, 0, 2, 2, 3, 3, 2, 3, 3, 3, 3, 3, 0, 0]",111.0,1018,"[0, 0, 1, 0, 0, 2, 2, 1, 2, 1, 1, 0, 1, 1, 0, 0, 0, 0, 1, 1, 0, 1, 0, 1, 0, 0, 1, 0, 0, 0, 0, 0, 1, 0, 0, 0, 0, 0, 2, 3, 3, 2, 3, 3, 2, 3, 3, 3, 0, 0]",111.0,990,"[0, 0, 1, 0, 0, 2, 2, 1, 2, 1, 1, 0, 1, 1, 0, 0, 0, 0, 1, 1, 0, 1, 0, 1, 0, 0, 1, 0, 0, 0, 0, 0, 1, 0, 0, 0, 0, 0, 2, 3, 3, 2, 3, 3, 2, 3, 3, 3, 0, 0]",111.0,958,"[0, 0, 1, 0, 0, 2, 2, 1, 2, 1, 1, 0, 1, 1, 0, 0, 0, 0, 1, 1, 0, 1, 0, 1, 0, 0, 1, 0, 0, 0, 0, 0, 1, 0, 0, 0, 0, 0, 2, 3, 3, 2, 3, 3, 2, 3, 3, 3, 0, 0]",111.0,892,"[0, 0, 1, 0, 0, 2, 2, 1, 2, 1, 1, 0, 1, 1, 0, 0, 0, 0, 1, 1, 0, 1, 0, 1, 0, 0, 1, 0, 0, 0, 0, 0, 1, 0, 0, 0, 0, 0, 2, 3, 3, 2, 3, 3, 2, 3, 3, 3, 0, 0]",111.0,1029,"[0, 0, 1, 0, 0, 2, 2, 1, 2, 1, 1, 0, 1, 1, 0, 0, 0, 0, 1, 1, 0, 1, 0, 1, 0, 0, 1, 0, 0, 0, 0, 0, 1, 0, 0, 0, 0, 0, 2, 3, 3, 2, 3, 3, 2, 3, 3, 3, 0, 0]",111.0,1042,"[0, 0, 1, 0, 0, 2, 2, 1, 2, 1, 1, 0, 1, 1, 0, 0, 0, 1, 0, 1, 0, 1, 1, 0, 0, 1, 0, 0, 0, 0, 0, 0, 1, 0, 0, 0, 0, 0, 2, 3, 3, 2, 3, 3, 2, 3, 3, 3, 0, 0]",111.0,1044,"[0, 0, 1, 0, 0, 2, 2, 1, 2, 1, 1, 0, 1, 1, 0, 0, 0, 1, 0, 1, 0, 1, 1, 0, 0, 1, 0, 0, 0, 0, 0, 0, 1, 0, 0, 0, 0, 0, 2, 3, 3, 2, 3, 3, 2, 3, 3, 3, 0, 0]",111.0,1044,"[0, 0, 1, 0, 0, 2, 2, 1, 2, 1, 1, 0, 1, 1, 0, 0, 0, 1, 0, 1, 0, 1, 1, 0, 0, 1, 0, 0, 0, 0, 0, 0, 1, 0, 0, 0, 0, 0, 2, 3, 3, 2, 3, 3, 2, 3, 3, 3, 0, 0]",111.0,1044,"[0, 0, 1, 0, 0, 2, 2, 1, 2, 1, 1, 0, 1, 1, 0, 0, 0, 1, 0, 1, 0, 1, 1, 0, 0, 1, 0, 0, 0, 0, 0, 0, 1, 0, 0, 0, 0, 0, 2, 3, 3, 2, 3, 3, 2, 3, 3, 3, 0, 0]",111.0,1044,"[0, 0, 1, 0, 0, 2, 2, 1, 2, 1, 1, 0, 1, 1, 0, 0, 0, 1, 0, 1, 0, 1, 1, 0, 0, 1, 0, 0, 0, 0, 0, 0, 1, 0, 0, 0, 0, 0, 2, 3, 3, 2, 3, 3, 2, 3, 3, 3, 0, 0]"
35x40,159.0,1761,"[0, 1, 0, 1, 1, 1, 1, 1, 1, 0, 1, 1, 1, 1, 1, 1, 1, 1, 1, 1, 1, 2, 2, 2, 0, 0, 0, 1, 1, 1, 1, 1, 1, 1, 1, 2, 1, 1, 1, 1, 0, 1, 1, 1, 1, 1, 1, 2]",122.0,1634,"[1, 1, 0, 0, 1, 1, 1, 1, 1, 0, 1, 1, 1, 1, 1, 2, 1, 1, 1, 1, 1, 1, 2, 2, 1, 0, 1, 1, 2, 1, 1, 1, 1, 0, 0, 1, 1, 1, 1, 1, 0, 1, 0, 1, 0, 1, 1, 1, 1, 1, 1, 2, 2, 2, 3, 3]",122.0,1483,"[1, 1, 0, 0, 1, 1, 1, 1, 1, 0, 1, 1, 1, 1, 1, 2, 1, 1, 1, 1, 1, 1, 2, 2, 1, 0, 1, 1, 2, 1, 1, 1, 1, 0, 0, 1, 1, 1, 1, 1, 0, 1, 0, 1, 0, 1, 1, 1, 1, 1, 1, 2, 2, 2, 3, 3]",122.0,1261,"[1, 1, 0, 0, 1, 1, 1, 1, 1, 0, 1, 1, 1, 1, 1, 2, 1, 1, 1, 1, 1, 1, 2, 2, 1, 0, 1, 1, 2, 1, 1, 1, 1, 0, 0, 1, 1, 1, 1, 1, 0, 1, 0, 1, 0, 1, 1, 1, 1, 1, 1, 2, 2, 2, 3, 3]",124.0,1069,"[1, 1, 0, 0, 1, 1, 1, 1, 1, 0, 1, 1, 1, 1, 1, 2, 1, 1, 1, 1, 1, 1, 2, 2, 1, 0, 1, 1, 2, 1, 1, 1, 1, 0, 0, 1, 1, 1, 1, 1, 0, 1, 0, 1, 0, 1, 1, 1, 1, 2, 2, 2]",143.0,1356,"[1, 1, 0, 0, 1, 1, 1, 1, 1, 0, 1, 1, 1, 1, 1, 2, 1, 1, 1, 1, 1, 1, 2, 2, 1, 0, 1, 0, 0, 1, 1, 1, 1, 1, 2, 1, 1, 1, 1, 1, 0, 1, 1, 2, 1, 1, 1, 1]",122.0,1608,"[1, 1, 0, 0, 1, 1, 1, 1, 1, 0, 1, 1, 1, 1, 1, 2, 1, 1, 1, 1, 1, 1, 2, 2, 1, 0, 1, 1, 2, 1, 1, 1, 1, 0, 0, 1, 1, 1, 1, 1, 0, 1, 0, 1, 0, 1, 1, 1, 1, 1, 1, 2, 2, 2, 3, 3]",122.0,1686,"[1, 1, 0, 0, 1, 1, 1, 1, 1, 0, 1, 1, 1, 1, 1, 2, 1, 1, 1, 1, 1, 1, 2, 2, 1, 0, 1, 1, 2, 1, 1, 1, 1, 0, 0, 1, 1, 1, 1, 1, 0, 1, 0, 1, 0, 1, 1, 1, 1, 1, 1, 2, 2, 2, 3, 3]",122.0,1686,"[1, 1, 0, 0, 1, 1, 1, 1, 1, 0, 1, 1, 1, 1, 1, 2, 1, 1, 1, 1, 1, 1, 2, 2, 1, 0, 1, 1, 2, 1, 1, 1, 1, 0, 0, 1, 1, 1, 1, 1, 0, 1, 0, 1, 0, 1, 1, 1, 1, 1, 1, 2, 2, 2, 3, 3]",122.0,1686,"[1, 1, 0, 0, 1, 1, 1, 1, 1, 0, 1, 1, 1, 1, 1, 2, 1, 1, 1, 1, 1, 1, 2, 2, 1, 0, 1, 1, 2, 1, 1, 1, 1, 0, 0, 1, 1, 1, 1, 1, 0, 1, 0, 1, 0, 1, 1, 1, 1, 1, 1, 2, 2, 2, 3, 3]",122.0,1686,"[1, 1, 0, 0, 1, 1, 1, 1, 1, 0, 1, 1, 1, 1, 1, 2, 1, 1, 1, 1, 1, 1, 2, 2, 1, 0, 1, 1, 2, 1, 1, 1, 1, 0, 0, 1, 1, 1, 1, 1, 0, 1, 0, 1, 0, 1, 1, 1, 1, 1, 1, 2, 2, 2, 3, 3]"
46x29,221.0,3728,"[1, 1, 1, 1, 1, 1, 1, 1, 1, 0, 1, 1, 0, 1, 1, 1, 1, 0, 1, 1, 1, 0, 0, 0, 0, 1, 0, 0, 0, 0, 3, 3, 0, 3, 0, 3, 0, 0, 3, 3, 3, 3, 3, 3, 3, 0, 3, 3, 3, 3, 3, 3, 3, 0, 0, 0, 0, 3]",153.0,3271,"[0, 0, 1, 0, 0, 0, 0, 0, 0, 1, 1, 1, 1, 1, 1, 1, 2, 2, 1, 1, 1, 1, 2, 1, 1, 1, 1, 1, 2, 1, 2, 1, 1, 0, 0, 0, 3, 0, 0, 0, 3, 0, 0, 3, 0, 3, 3, 2, 3, 3, 3, 3, 0, 0, 3, 0, 3, 3, 0, 0, 3, 3, 3, 0, 0, 0, 3, 0, 0, 3, 3, 3, 3, 2]",153.0,3062,"[0, 0, 1, 0, 0, 0, 0, 0, 0, 1, 1, 1, 1, 1, 1, 1, 2, 2, 1, 1, 1, 1, 2, 1, 1, 1, 1, 1, 2, 1, 2, 1, 1, 0, 0, 0, 3, 0, 0, 0, 3, 0, 0, 3, 0, 3, 3, 2, 3, 3, 3, 3, 0, 0, 3, 0, 3, 3, 0, 0, 3, 3, 3, 0, 0, 0, 3, 0, 0, 3, 3, 3, 3, 2]",153.0,2654,"[0, 0, 1, 0, 0, 0, 0, 0, 0, 1, 1, 1, 1, 1, 1, 1, 2, 2, 1, 1, 1, 1, 2, 1, 1, 1, 1, 1, 2, 1, 2, 1, 1, 0, 0, 0, 3, 0, 0, 0, 3, 0, 0, 3, 0, 3, 3, 2, 3, 3, 3, 3, 0, 0, 3, 0, 3, 3, 0, 0, 3, 3, 3, 0, 0, 0, 3, 0, 0, 3, 3, 3, 3, 2]",156.0,2107,"[0, 0, 1, 0, 0, 0, 0, 0, 0, 1, 1, 1, 1, 1, 1, 1, 2, 2, 1, 1, 1, 1, 2, 1, 1, 1, 1, 1, 2, 1, 2, 1, 1, 0, 0, 0, 3, 0, 0, 0, 3, 0, 0, 3, 0, 3, 3, 0, 0, 0, 3, 3, 3, 3, 3, 3, 3, 0, 3, 3, 3, 0, 0, 0, 3, 0, 0, 3, 3, 3, 3, 2]",184.0,4813,"[0, 0, 1, 0, 0, 0, 0, 0, 0, 1, 1, 1, 1, 1, 1, 1, 2, 2, 1, 1, 1, 1, 2, 1, 1, 1, 1, 1, 2, 1, 2, 1, 1, 0, 0, 0, 3, 0, 0, 0, 3, 0, 0, 3, 0, 3, 3, 0, 0, 0, 3, 3, 3, 3, 0, 0, 3, 0, 0, 3, 0, 3, 3, 3, 3, 3, 3, 0, 3, 3, 3, 2]",153.0,3089,"[1, 0, 0, 0, 0, 0, 0, 0, 0, 1, 1, 1, 1, 1, 1, 1, 2, 2, 1, 1, 1, 1, 2, 1, 1, 1, 1, 1, 2, 1, 2, 1, 1, 0, 0, 0, 3, 0, 0, 0, 3, 0, 0, 3, 0, 3, 3, 2, 3, 3, 3, 3, 0, 0, 3, 0, 3, 3, 0, 0, 3, 3, 3, 0, 0, 0, 3, 0, 0, 3, 3, 3, 3, 2]",153.0,3348,"[1, 0, 0, 0, 0, 0, 0, 0, 0, 1, 1, 1, 1, 1, 1, 1, 2, 2, 1, 1, 1, 1, 2, 1, 1, 1, 1, 1, 2, 1, 2, 1, 1, 0, 0, 0, 3, 0, 0, 0, 3, 0, 0, 3, 0, 3, 3, 2, 3, 3, 3, 3, 0, 0, 3, 0, 3, 3, 0, 0, 3, 3, 3, 0, 0, 0, 3, 0, 0, 3, 3, 3, 3, 2]",153.0,3351,"[1, 0, 0, 0, 0, 0, 0, 0, 0, 1, 1, 1, 1, 1, 1, 1, 2, 2, 1, 1, 1, 1, 2, 1, 1, 1, 1, 1, 2, 1, 2, 1, 1, 0, 0, 0, 3, 0, 0, 0, 3, 0, 0, 3, 0, 3, 3, 2, 3, 3, 3, 3, 0, 0, 3, 0, 3, 3, 0, 0, 3, 3, 3, 0, 0, 0, 3, 0, 0, 3, 3, 3, 3, 2]",153.0,3351,"[1, 0, 0, 0, 0, 0, 0, 0, 0, 1, 1, 1, 1, 1, 1, 1, 2, 2, 1, 1, 1, 1, 2, 1, 1, 1, 1, 1, 2, 1, 2, 1, 1, 0, 0, 0, 3, 0, 0, 0, 3, 0, 0, 3, 0, 3, 3, 2, 3, 3, 3, 3, 0, 0, 3, 0, 3, 3, 0, 0, 3, 3, 3, 0, 0, 0, 3, 0, 0, 3, 3, 3, 3, 2]",153.0,3351,"[1, 0, 0, 0, 0, 0, 0, 0, 0, 1, 1, 1, 1, 1, 1, 1, 2, 2, 1, 1, 1, 1, 2, 1, 1, 1, 1, 1, 2, 1, 2, 1, 1, 0, 0, 0, 3, 0, 0, 0, 3, 0, 0, 3, 0, 3, 3, 2, 3, 3, 3, 3, 0, 0, 3, 0, 3, 3, 0, 0, 3, 3, 3, 0, 0, 0, 3, 0, 0, 3, 3, 3, 3, 2]"
26x48,296.0,3317,"[0, 1, 0, 0, 1, 1, 1, 1, 1, 1, 0, 1, 1, 1, 1, 1, 0, 1, 1, 1, 1, 0, 1, 1, 0, 0, 0, 1, 1, 1, 1, 1, 1, 1, 2, 1, 1, 1, 1, 1, 1, 1, 1, 1, 1, 0, 1, 1, 1, 2, 0, 3, 3, 2, 3, 3, 3, 3, 3, 3, 2, 3, 3, 3, 3, 3, 3, 3]",180.0,2648,"[1, 0, 0, 0, 0, 1, 0, 1, 1, 1, 1, 1, 1, 2, 1, 1, 1, 1, 1, 0, 1, 1, 1, 1, 1, 0, 0, 0, 0, 1, 1, 0, 1, 0, 1, 1, 2, 1, 1, 0, 1, 1, 1, 0, 1, 0, 1, 1, 1, 1, 1, 1, 1, 2, 2, 2, 1, 2, 1, 2, 0, 3, 0, 3, 0, 0, 0, 3, 3, 3, 3, 3, 3, 3, 2, 3, 2, 3, 3, 3, 2, 2, 3, 3, 2, 2]",180.0,2463,"[1, 0, 0, 0, 0, 1, 0, 1, 1, 1, 1, 1, 1, 2, 1, 1, 1, 1, 1, 0, 1, 1, 1, 1, 1, 0, 0, 0, 0, 1, 1, 0, 1, 0, 1, 1, 2, 1, 1, 0, 1, 1, 1, 0, 1, 0, 1, 1, 1, 1, 1, 1, 1, 2, 2, 2, 1, 2, 1, 2, 0, 3, 0, 3, 0, 0, 0, 3, 3, 3, 3, 3, 3, 3, 2, 3, 2, 3, 3, 3, 2, 2, 3, 3, 2, 2]",180.0,2189,"[1, 0, 0, 0, 0, 1, 0, 1, 1, 1, 1, 1, 1, 2, 1, 1, 1, 1, 1, 0, 1, 1, 1, 1, 1, 0, 0, 0, 0, 1, 1, 0, 1, 0, 1, 1, 2, 1, 1, 0, 1, 1, 1, 0, 1, 0, 1, 1, 1, 1, 1, 1, 1, 2, 2, 2, 1, 2, 1, 2, 0, 3, 0, 3, 0, 0, 0, 3, 3, 3, 3, 3, 3, 3, 2, 3, 2, 3, 3, 3, 2, 2, 3, 3, 2, 2]",180.0,1991,"[1, 0, 0, 0, 0, 1, 0, 1, 1, 1, 1, 1, 1, 2, 1, 1, 1, 1, 1, 0, 1, 1, 1, 1, 1, 0, 0, 0, 0, 1, 1, 0, 1, 0, 1, 1, 2, 1, 1, 0, 1, 1, 1, 0, 1, 0, 1, 1, 1, 1, 1, 1, 1, 2, 2, 2, 1, 2, 1, 2, 0, 3, 0, 3, 0, 0, 0, 3, 3, 3, 3, 3, 3, 3, 2, 3, 2, 3, 3, 3, 2, 2, 3, 3, 2, 2]",213.0,5810,"[1, 0, 0, 0, 0, 1, 0, 1, 1, 1, 1, 1, 1, 2, 1, 1, 1, 1, 1, 0, 1, 1, 1, 1, 1, 0, 0, 0, 0, 1, 1, 0, 1, 0, 1, 1, 2, 1, 1, 0, 1, 1, 1, 0, 1, 0, 1, 1, 1, 1, 1, 1, 1, 2, 2, 2, 1, 2, 1, 2, 0, 3, 3, 3, 2, 3, 3, 3, 3, 3, 2, 3, 3, 3, 3, 3, 3, 3]",180.0,2596,"[1, 0, 0, 0, 0, 1, 0, 1, 1, 1, 1, 1, 2, 1, 1, 1, 1, 1, 1, 0, 1, 1, 1, 1, 1, 0, 0, 0, 0, 1, 1, 0, 1, 0, 1, 1, 2, 1, 1, 0, 1, 1, 1, 0, 1, 0, 1, 1, 1, 1, 1, 1, 1, 2, 2, 2, 1, 2, 1, 2, 0, 3, 0, 3, 0, 0, 0, 3, 3, 3, 3, 3, 3, 3, 2, 3, 2, 3, 3, 3, 2, 2, 3, 3, 2, 2]",180.0,2696,"[1, 0, 0, 0, 0, 1, 0, 1, 1, 1, 1, 1, 2, 1, 1, 1, 1, 1, 1, 0, 1, 1, 1, 1, 1, 0, 0, 0, 0, 1, 1, 0, 1, 0, 1, 1, 2, 1, 1, 0, 1, 1, 1, 0, 1, 0, 1, 1, 1, 1, 1, 1, 1, 2, 2, 2, 1, 2, 1, 2, 0, 3, 0, 3, 0, 0, 0, 3, 3, 3, 3, 3, 3, 3, 2, 3, 2, 3, 3, 3, 2, 2, 3, 3, 2, 2]",180.0,2696,"[1, 0, 0, 0, 0, 1, 0, 1, 1, 1, 1, 1, 2, 1, 1, 1, 1, 1, 1, 0, 1, 1, 1, 1, 1, 0, 0, 0, 0, 1, 1, 0, 1, 0, 1, 1, 2, 1, 1, 0, 1, 1, 1, 0, 1, 0, 1, 1, 1, 1, 1, 1, 1, 2, 2, 2, 1, 2, 1, 2, 0, 3, 0, 3, 0, 0, 0, 3, 3, 3, 3, 3, 3, 3, 2, 3, 2, 3, 3, 3, 2, 2, 3, 3, 2, 2]",180.0,2696,"[1, 0, 0, 0, 0, 1, 0, 1, 1, 1, 1, 1, 2, 1, 1, 1, 1, 1, 1, 0, 1, 1, 1, 1, 1, 0, 0, 0, 0, 1, 1, 0, 1, 0, 1, 1, 2, 1, 1, 0, 1, 1, 1, 0, 1, 0, 1, 1, 1, 1, 1, 1, 1, 2, 2, 2, 1, 2, 1, 2, 0, 3, 0, 3, 0, 0, 0, 3, 3, 3, 3, 3, 3, 3, 2, 3, 2, 3, 3, 3, 2, 2, 3, 3, 2, 2]",180.0,2696,"[1, 0, 0, 0, 0, 1, 0, 1, 1, 1, 1, 1, 2, 1, 1, 1, 1, 1, 1, 0, 1, 1, 1, 1, 1, 0, 0, 0, 0, 1, 1, 0, 1, 0, 1, 1, 2, 1, 1, 0, 1, 1, 1, 0, 1, 0, 1, 1, 1, 1, 1, 1, 1, 2, 2, 2, 1, 2, 1, 2, 0, 3, 0, 3, 0, 0, 0, 3, 3, 3, 3, 3, 3, 3, 2, 3, 2, 3, 3, 3, 2, 2, 3, 3, 2, 2]"
45x35,350.0,4347,"[1, 1, 1, 0, 1, 1, 1, 1, 1, 1, 1, 0, 0, 0, 1, 1, 1, 1, 1, 1, 2, 2, 1, 1, 1, 1, 1, 1, 2, 1, 1, 0, 1, 1, 1, 1, 1, 1, 1, 2, 0, 0, 0, 0, 3, 0, 0, 0, 0, 3, 0, 0, 0, 3, 3, 0, 0, 0, 0, 0, 0, 0, 0, 0, 3, 0, 3, 3, 0, 0, 0, 0, 0, 0, 0, 3, 3, 3, 3, 3, 3, 0, 3, 3, 3, 3, 3, 3, 3, 0]",220.0,3559,"[0, 0, 1, 1, 1, 0, 0, 0, 1, 1, 0, 0, 1, 1, 1, 1, 1, 1, 1, 1, 1, 1, 1, 1, 1, 1, 2, 1, 1, 1, 1, 1, 1, 2, 2, 2, 2, 1, 1, 1, 1, 1, 2, 1, 3, 0, 3, 3, 3, 3, 3, 0, 0, 0, 0, 3, 0, 0, 0, 0, 0, 3, 0, 0, 0, 3, 3, 0, 0, 0, 3, 0, 3, 3, 3, 0, 3, 0, 3, 0, 0, 1, 0, 1, 0, 1, 0, 1, 0, 0, 0, 0, 3, 0, 3, 3, 2, 3, 3, 3, 3, 3, 0, 0]",220.0,3487,"[0, 0, 1, 1, 1, 0, 0, 0, 1, 1, 0, 0, 1, 1, 1, 1, 1, 1, 1, 1, 1, 1, 1, 1, 1, 1, 2, 1, 1, 1, 1, 1, 1, 2, 2, 2, 2, 1, 1, 1, 1, 1, 2, 1, 3, 0, 3, 3, 3, 3, 3, 0, 0, 0, 0, 3, 0, 0, 0, 0, 0, 3, 0, 0, 0, 3, 3, 0, 0, 0, 3, 0, 3, 3, 3, 0, 3, 0, 3, 0, 0, 1, 0, 1, 0, 1, 0, 1, 0, 0, 0, 0, 3, 0, 3, 3, 2, 3, 3, 3, 3, 3, 0, 0]",220.0,3282,"[0, 0, 1, 1, 1, 0, 0, 0, 1, 1, 0, 0, 1, 1, 1, 1, 1, 1, 1, 1, 1, 1, 1, 1, 1, 1, 2, 1, 1, 1, 1, 1, 1, 2, 2, 2, 2, 1, 1, 1, 1, 1, 2, 1, 3, 0, 3, 3, 3, 3, 3, 0, 0, 0, 0, 3, 0, 0, 0, 0, 0, 3, 0, 0, 0, 3, 3, 0, 0, 0, 3, 0, 3, 3, 3, 0, 3, 0, 3, 0, 0, 1, 0, 1, 0, 1, 0, 1, 0, 0, 0, 0, 3, 0, 3, 3, 2, 3, 3, 3, 3, 3, 0, 0]",221.0,3125,"[0, 0, 1, 1, 1, 0, 0, 0, 1, 1, 0, 0, 1, 1, 1, 1, 1, 1, 1, 1, 1, 1, 1, 1, 1, 1, 2, 1, 1, 1, 1, 1, 1, 2, 2, 2, 2, 1, 1, 1, 1, 1, 2, 1, 3, 0, 3, 3, 3, 3, 3, 0, 0, 0, 0, 3, 0, 0, 0, 0, 0, 3, 0, 0, 0, 3, 3, 0, 0, 0, 3, 0, 3, 3, 3, 0, 3, 0, 3, 0, 0, 1, 0, 1, 0, 1, 0, 1, 0, 0, 0, 0, 3, 0, 3, 3, 2, 3, 3, 3, 0, 3, 3, 0]",245.0,12555,"[1, 1, 1, 1, 0, 1, 1, 0, 0, 0, 0, 0, 0, 1, 1, 1, 1, 1, 1, 1, 1, 1, 1, 1, 1, 1, 2, 1, 1, 1, 1, 1, 1, 2, 2, 2, 2, 1, 1, 1, 1, 1, 2, 1, 3, 0, 3, 3, 3, 3, 3, 0, 0, 0, 0, 3, 0, 0, 0, 0, 0, 3, 0, 0, 0, 3, 3, 0, 0, 0, 3, 0, 3, 3, 3, 0, 0, 0, 1, 0, 0, 0, 0, 1, 0, 0, 0, 0, 3, 0, 3, 3, 3, 0, 3, 3, 0, 3, 3, 2]",220.0,3595,"[0, 0, 1, 1, 1, 0, 0, 0, 1, 1, 0, 0, 1, 1, 1, 1, 1, 1, 1, 1, 1, 1, 1, 1, 2, 1, 1, 1, 1, 1, 1, 1, 1, 2, 2, 2, 2, 1, 1, 1, 1, 1, 2, 1, 3, 0, 3, 3, 3, 3, 3, 0, 0, 0, 0, 3, 0, 0, 3, 0, 0, 0, 0, 0, 0, 3, 3, 0, 0, 0, 3, 0, 3, 3, 3, 0, 3, 0, 3, 0, 0, 1, 0, 1, 0, 1, 1, 0, 0, 0, 0, 0, 3, 0, 3, 3, 2, 3, 3, 3, 3, 3, 0, 0]",220.0,3597,"[0, 0, 1, 1, 1, 0, 0, 0, 1, 1, 0, 0, 1, 1, 1, 1, 1, 1, 1, 1, 1, 1, 1, 1, 2, 1, 1, 1, 1, 1, 1, 1, 1, 2, 2, 2, 2, 1, 1, 1, 1, 1, 2, 1, 3, 0, 3, 3, 3, 3, 3, 0, 0, 0, 0, 3, 0, 0, 3, 0, 0, 0, 0, 0, 0, 3, 3, 0, 0, 0, 3, 0, 3, 3, 3, 0, 3, 0, 3, 0, 0, 1, 0, 1, 0, 1, 1, 0, 0, 0, 0, 0, 3, 0, 3, 3, 2, 3, 3, 3, 3, 3, 0, 0]",220.0,3597,"[0, 0, 1, 1, 1, 0, 0, 0, 1, 1, 0, 0, 1, 1, 1, 1, 1, 1, 1, 1, 1, 1, 1, 1, 2, 1, 1, 1, 1, 1, 1, 1, 1, 2, 2, 2, 2, 1, 1, 1, 1, 1, 2, 1, 3, 0, 3, 3, 3, 3, 3, 0, 0, 0, 0, 3, 0, 0, 3, 0, 0, 0, 0, 0, 0, 3, 3, 0, 0, 0, 3, 0, 3, 3, 3, 0, 3, 0, 3, 0, 0, 1, 0, 1, 0, 1, 1, 0, 0, 0, 0, 0, 3, 0, 3, 3, 2, 3, 3, 3, 3, 3, 0, 0]",220.0,3597,"[0, 0, 1, 1, 1, 0, 0, 0, 1, 1, 0, 0, 1, 1, 1, 1, 1, 1, 1, 1, 1, 1, 1, 1, 2, 1, 1, 1, 1, 1, 1, 1, 1, 2, 2, 2, 2, 1, 1, 1, 1, 1, 2, 1, 3, 0, 3, 3, 3, 3, 3, 0, 0, 0, 0, 3, 0, 0, 3, 0, 0, 0, 0, 0, 0, 3, 3, 0, 0, 0, 3, 0, 3, 3, 3, 0, 3, 0, 3, 0, 0, 1, 0, 1, 0, 1, 1, 0, 0, 0, 0, 0, 3, 0, 3, 3, 2, 3, 3, 3, 3, 3, 0, 0]",220.0,3597,"[0, 0, 1, 1, 1, 0, 0, 0, 1, 1, 0, 0, 1, 1, 1, 1, 1, 1, 1, 1, 1, 1, 1, 1, 2, 1, 1, 1, 1, 1, 1, 1, 1, 2, 2, 2, 2, 1, 1, 1, 1, 1, 2, 1, 3, 0, 3, 3, 3, 3, 3, 0, 0, 0, 0, 3, 0, 0, 3, 0, 0, 0, 0, 0, 0, 3, 3, 0, 0, 0, 3, 0, 3, 3, 3, 0, 3, 0, 3, 0, 0, 1, 0, 1, 0, 1, 1, 0, 0, 0, 0, 0, 3, 0, 3, 3, 2, 3, 3, 3, 3, 3, 0, 0]"
21x35,0,0,[],0,0,[],0,0,[],0,0,[],0,0,[],0,0,[],0,0,[],0,0,[],0,0,[],0,0,[],0,0,[]
map12x12,140.0,445,"[0, 1, 1, 1, 1, 1, 1, 1, 0, 1, 0, 1, 2, 2, 1, 1, 0, 0, 0, 0, 0, 3, 0, 0, 0, 0, 0, 1]",118.0,246,"[1, 1, 0, 1, 1, 1, 1, 1, 1, 1, 0, 0, 2, 2, 1, 1, 0, 0, 0, 0, 3, 0, 0, 0, 0, 0, 1, 0]",118.0,235,"[1, 1, 0, 1, 1, 1, 1, 1, 1, 1, 0, 0, 2, 2, 1, 1, 0, 0, 0, 0, 3, 0, 0, 0, 0, 0, 1, 0]",118.0,224,"[1, 1, 0, 1, 1, 1, 1, 1, 1, 1, 0, 0, 2, 2, 1, 1, 0, 0, 0, 0, 3, 0, 0, 0, 0, 0, 1, 0]",118.0,200,"[0, 1, 1, 1, 1, 1, 1, 1, 1, 1, 0, 0, 2, 2, 1, 1, 0, 0, 0, 0, 3, 0, 0, 0, 0, 0, 1, 0]",118.0,240,"[0, 1, 1, 1, 1, 1, 1, 1, 1, 1, 0, 0, 2, 2, 1, 1, 0, 0, 0, 0, 3, 0, 0, 0, 0, 0, 1, 0]",118.0,255,"[1, 1, 0, 1, 1, 1, 1, 1, 1, 1, 0, 0, 2, 2, 1, 1, 0, 0, 0, 0, 3, 0, 0, 0, 0, 0, 1, 0]",118.0,259,"[1, 1, 0, 1, 1, 1, 1, 1, 1, 1, 0, 0, 2, 2, 1, 1, 0, 0, 0, 0, 3, 0, 0, 0, 0, 0, 1, 0]",118.0,259,"[1, 1, 0, 1, 1, 1, 1, 1, 1, 1, 0, 0, 2, 2, 1, 1, 0, 0, 0, 0, 3, 0, 0, 0, 0, 0, 1, 0]",118.0,259,"[1, 1, 0, 1, 1, 1, 1, 1, 1, 1, 0, 0, 2, 2, 1, 1, 0, 0, 0, 0, 3, 0, 0, 0, 0, 0, 1, 0]",118.0,259,"[1, 1, 0, 1, 1, 1, 1, 1, 1, 1, 0, 0, 2, 2, 1, 1, 0, 0, 0, 0, 3, 0, 0, 0, 0, 0, 1, 0]"
map15x15,215.0,858,"[0, 0, 0, 0, 0, 0, 0, 1, 1, 1, 0, 0, 1, 1, 0, 0, 0, 3, 1, 1, 1, 1, 2, 1, 1, 2, 2, 2, 2, 1, 1, 1, 1, 3, 3, 3, 3, 0, 0, 0, 0, 1, 1, 0, 0, 0, 1, 1]",178.0,669,"[0, 1, 0, 1, 1, 0, 1, 1, 1, 1, 1, 1, 1, 1, 1, 0, 0, 1, 1, 0, 0, 3, 3, 3, 3, 0, 3, 0, 3, 0, 3, 3, 3, 0, 0, 3, 1, 2, 2, 1, 1, 1, 0, 1, 1, 1, 1, 1, 0, 0, 1, 0]",178.0,665,"[0, 1, 0, 1, 1, 0, 1, 1, 1, 1, 1, 1, 1, 1, 1, 0, 0, 1, 1, 0, 0, 3, 3, 3, 3, 0, 3, 0, 3, 0, 3, 3, 3, 0, 0, 3, 1, 2, 2, 1, 1, 1, 0, 1, 1, 1, 1, 1, 0, 0, 1, 0]",178.0,651,"[0, 1, 0, 1, 1, 0, 1, 1, 1, 1, 1, 1, 1, 1, 1, 0, 0, 1, 1, 0, 0, 3, 3, 3, 3, 0, 3, 0, 3, 0, 3, 3, 3, 0, 0, 3, 1, 2, 2, 1, 1, 1, 0, 1, 1, 1, 1, 1, 0, 0, 1, 0]",178.0,604,"[0, 1, 0, 1, 1, 0, 1, 1, 1, 1, 1, 1, 1, 1, 1, 0, 0, 1, 1, 0, 0, 3, 3, 3, 3, 0, 3, 0, 3, 0, 3, 3, 3, 0, 0, 3, 1, 2, 2, 1, 1, 1, 0, 1, 1, 1, 1, 1, 0, 0, 1, 0]",195.0,707,"[0, 1, 0, 1, 1, 0, 1, 1, 1, 1, 1, 1, 1, 1, 1, 0, 0, 1, 1, 0, 0, 3, 3, 3, 3, 0, 3, 0, 3, 0, 3, 3, 3, 0, 0, 3, 1, 1, 0, 1, 1, 1, 1, 2, 2, 1, 1, 1, 0, 0, 1, 0]",178.0,666,"[0, 1, 0, 1, 1, 0, 1, 1, 1, 1, 1, 1, 1, 1, 1, 0, 0, 1, 1, 0, 0, 3, 3, 3, 3, 0, 3, 0, 3, 0, 3, 3, 3, 0, 0, 3, 1, 2, 2, 1, 1, 1, 0, 1, 1, 1, 1, 1, 0, 0, 1, 0]",178.0,673,"[0, 1, 0, 1, 1, 0, 1, 1, 1, 1, 1, 1, 1, 1, 1, 0, 0, 1, 1, 0, 0, 3, 3, 3, 3, 0, 3, 0, 3, 0, 3, 3, 3, 0, 0, 3, 1, 2, 2, 1, 1, 1, 0, 1, 1, 1, 1, 1, 0, 0, 1, 0]",178.0,673,"[0, 1, 0, 1, 1, 0, 1, 1, 1, 1, 1, 1, 1, 1, 1, 0, 0, 1, 1, 0, 0, 3, 3, 3, 3, 0, 3, 0, 3, 0, 3, 3, 3, 0, 0, 3, 1, 2, 2, 1, 1, 1, 0, 1, 1, 1, 1, 1, 0, 0, 1, 0]",178.0,673,"[0, 1, 0, 1, 1, 0, 1, 1, 1, 1, 1, 1, 1, 1, 1, 0, 0, 1, 1, 0, 0, 3, 3, 3, 3, 0, 3, 0, 3, 0, 3, 3, 3, 0, 0, 3, 1, 2, 2, 1, 1, 1, 0, 1, 1, 1, 1, 1, 0, 0, 1, 0]",178.0,673,"[0, 1, 0, 1, 1, 0, 1, 1, 1, 1, 1, 1, 1, 1, 1, 0, 0, 1, 1, 0, 0, 3, 3, 3, 3, 0, 3, 0, 3, 0, 3, 3, 3, 0, 0, 3, 1, 2, 2, 1, 1, 1, 0, 1, 1, 1, 1, 1, 0, 0, 1, 0]"
map20x20,203.0,1045,"[1, 0, 1, 0, 0, 0, 0, 1, 1, 1, 1, 1, 1, 1, 1, 1, 1, 1, 1, 1, 1, 0, 1, 1, 2, 0, 3, 0, 0, 1, 0, 0, 0, 0, 0, 3, 3, 0, 0, 1, 1, 0, 0, 0, 0, 1]",188.0,818,"[1, 1, 0, 0, 0, 0, 1, 0, 1, 1, 1, 1, 1, 1, 1, 1, 1, 1, 1, 1, 2, 2, 1, 1, 1, 0, 0, 0, 3, 0, 0, 1, 0, 0, 0, 0, 0, 3, 3, 1, 0, 0, 1, 0, 0, 1, 0, 0]",188.0,765,"[1, 1, 0, 0, 0, 0, 1, 0, 1, 1, 1, 1, 1, 1, 1, 1, 1, 1, 1, 1, 2, 2, 1, 1, 1, 0, 0, 0, 3, 0, 0, 1, 0, 0, 0, 0, 0, 3, 3, 1, 0, 0, 1, 0, 0, 1, 0, 0]",188.0,684,"[1, 1, 0, 0, 0, 0, 1, 0, 1, 1, 1, 1, 1, 1, 1, 1, 1, 1, 1, 1, 2, 2, 1, 1, 1, 0, 0, 0, 3, 0, 0, 1, 0, 0, 0, 0, 0, 3, 3, 1, 0, 0, 1, 0, 0, 1, 0, 0]",188.0,587,"[1, 1, 0, 0, 0, 0, 1, 0, 1, 1, 1, 1, 1, 1, 1, 1, 1, 1, 1, 1, 2, 2, 1, 1, 1, 0, 0, 0, 3, 0, 0, 1, 0, 0, 0, 0, 0, 3, 3, 1, 0, 0, 1, 0, 0, 1, 0, 0]",188.0,1002,"[1, 1, 0, 0, 0, 0, 1, 0, 1, 1, 1, 1, 1, 1, 1, 1, 1, 1, 1, 1, 2, 2, 1, 1, 1, 0, 0, 0, 3, 0, 0, 1, 0, 0, 0, 0, 0, 3, 3, 1, 0, 0, 1, 0, 0, 1, 0, 0]",188.0,823,"[1, 1, 0, 0, 0, 0, 1, 0, 1, 1, 1, 1, 1, 1, 1, 1, 1, 1, 1, 1, 2, 2, 1, 1, 1, 0, 0, 0, 3, 0, 0, 1, 0, 0, 0, 0, 0, 3, 3, 1, 0, 0, 1, 0, 0, 1, 0, 0]",188.0,838,"[1, 1, 0, 0, 0, 0, 1, 0, 1, 1, 1, 1, 1, 1, 1, 1, 1, 1, 1, 1, 2, 2, 1, 1, 1, 0, 0, 0, 3, 0, 0, 1, 0, 0, 0, 0, 0, 3, 3, 1, 0, 0, 1, 0, 0, 1, 0, 0]",188.0,838,"[1, 1, 0, 0, 0, 0, 1, 0, 1, 1, 1, 1, 1, 1, 1, 1, 1, 1, 1, 1, 2, 2, 1, 1, 1, 0, 0, 0, 3, 0, 0, 1, 0, 0, 0, 0, 0, 3, 3, 1, 0, 0, 1, 0, 0, 1, 0, 0]",188.0,838,"[1, 1, 0, 0, 0, 0, 1, 0, 1, 1, 1, 1, 1, 1, 1, 1, 1, 1, 1, 1, 2, 2, 1, 1, 1, 0, 0, 0, 3, 0, 0, 1, 0, 0, 0, 0, 0, 3, 3, 1, 0, 0, 1, 0, 0, 1, 0, 0]",188.0,838,"[1, 1, 0, 0, 0, 0, 1, 0, 1, 1, 1, 1, 1, 1, 1, 1, 1, 1, 1, 1, 2, 2, 1, 1, 1, 0, 0, 0, 3, 0, 0, 1, 0, 0, 0, 0, 0, 3, 3, 1, 0, 0, 1, 0, 0, 1, 0, 0]"
