10x20,62,178,"[1, 0, 0, 0, 3, 0, 1, 1, 1, 1, 2, 1, 1, 2, 3, 3]",55,217,"[1, 0, 0, 3, 0, 0, 1, 0, 1, 1, 1, 1, 1, 2, 2, 2, 3, 3]",55,208,"[1, 0, 0, 3, 0, 0, 1, 0, 1, 1, 1, 1, 1, 2, 2, 2, 3, 3]",55,187,"[1, 0, 0, 3, 0, 0, 1, 0, 1, 1, 1, 1, 1, 2, 2, 2, 3, 3]",55,135,"[1, 0, 0, 3, 0, 0, 1, 0, 1, 1, 1, 1, 1, 2, 2, 2, 3, 3]",59,88,"[1, 0, 0, 3, 0, 0, 1, 1, 0, 1, 1, 2, 2, 1, 2, 1, 3, 3]",55,217,"[1, 0, 0, 3, 0, 0, 1, 0, 1, 1, 1, 1, 1, 2, 2, 2, 3, 3]",55,218,"[1, 0, 0, 3, 0, 0, 1, 0, 1, 1, 1, 1, 1, 2, 2, 2, 3, 3]",55,218,"[1, 0, 0, 3, 0, 0, 1, 0, 1, 1, 1, 1, 1, 2, 2, 2, 3, 3]",55,218,"[1, 0, 0, 3, 0, 0, 1, 0, 1, 1, 1, 1, 1, 2, 2, 2, 3, 3]",55,218,"[1, 0, 0, 3, 0, 0, 1, 0, 1, 1, 1, 1, 1, 2, 2, 2, 3, 3]"
,,,,,,,,,,,,,,,,,,,,,,,,,,,,,,,,,
8x8,42,109,"[0, 0, 0, 0, 0, 1, 2, 2, 1, 1, 2]",25,41,"[0, 0, 0, 0, 1, 0, 1, 1, 2, 2, 2]",25,39,"[0, 0, 0, 0, 1, 0, 1, 1, 2, 2, 2]",25,27,"[0, 0, 0, 0, 1, 0, 1, 1, 2, 2, 2]",25,30,"[0, 0, 0, 0, 1, 0, 1, 1, 2, 2, 2]",42,60,"[0, 0, 0, 0, 0, 1, 2, 2, 1, 1, 2]",25,39,"[0, 0, 0, 0, 1, 0, 1, 1, 2, 2, 2]",25,42,"[0, 0, 0, 0, 1, 0, 1, 1, 2, 2, 2]",25,42,"[0, 0, 0, 0, 1, 0, 1, 1, 2, 2, 2]",25,42,"[0, 0, 0, 0, 1, 0, 1, 1, 2, 2, 2]",25,42,"[0, 0, 0, 0, 1, 0, 1, 1, 2, 2, 2]"
,,,,,,,,,,,,,,,,,,,,,,,,,,,,,,,,,
15x17,95,431,"[0, 0, 0, 0, 0, 1, 0, 0, 1, 0, 0, 0, 0, 1, 0, 0, 3, 1, 2, 1, 1, 1, 1, 1, 1, 1, 0, 1, 1, 1]",77,318,"[0, 0, 0, 0, 0, 1, 0, 0, 1, 0, 0, 1, 0, 0, 0, 0, 3, 1, 2, 1, 1, 1, 1, 1, 1, 1, 0, 1, 1, 1]",77,300,"[0, 0, 0, 0, 0, 1, 0, 0, 1, 0, 0, 1, 0, 0, 0, 0, 3, 1, 2, 1, 1, 1, 1, 1, 1, 1, 0, 1, 1, 1]",77,282,"[0, 0, 0, 0, 0, 1, 0, 0, 1, 0, 0, 1, 0, 0, 0, 0, 3, 1, 2, 1, 1, 1, 1, 1, 1, 1, 0, 1, 1, 1]",77,234,"[0, 0, 0, 0, 0, 1, 0, 0, 1, 0, 0, 1, 0, 0, 0, 0, 3, 1, 2, 1, 1, 1, 1, 1, 1, 1, 0, 1, 1, 1]",77,317,"[0, 0, 0, 0, 0, 1, 0, 0, 1, 0, 0, 1, 0, 0, 0, 0, 3, 1, 2, 1, 1, 1, 1, 1, 1, 1, 0, 1, 1, 1]",77,325,"[0, 0, 0, 0, 0, 1, 0, 0, 1, 0, 0, 1, 0, 0, 0, 0, 3, 1, 2, 1, 1, 1, 1, 1, 1, 1, 0, 1, 1, 1]",77,331,"[0, 0, 0, 0, 0, 1, 0, 0, 1, 0, 0, 1, 0, 0, 0, 0, 3, 1, 2, 1, 1, 1, 1, 1, 1, 1, 0, 1, 1, 1]",77,331,"[0, 0, 0, 0, 0, 1, 0, 0, 1, 0, 0, 1, 0, 0, 0, 0, 3, 1, 2, 1, 1, 1, 1, 1, 1, 1, 0, 1, 1, 1]",77,331,"[0, 0, 0, 0, 0, 1, 0, 0, 1, 0, 0, 1, 0, 0, 0, 0, 3, 1, 2, 1, 1, 1, 1, 1, 1, 1, 0, 1, 1, 1]",77,331,"[0, 0, 0, 0, 0, 1, 0, 0, 1, 0, 0, 1, 0, 0, 0, 0, 3, 1, 2, 1, 1, 1, 1, 1, 1, 1, 0, 1, 1, 1]"
,,,,,,,,,,,,,,,,,,,,,,,,,,,,,,,,,
20x12,0,0,[],0,0,[],0,0,[],0,0,[],0,0,[],0,0,[],0,0,[],0,0,[],0,0,[],0,0,[],0,0,[]
,,,,,,,,,,,,,,,,,,,,,,,,,,,,,,,,,
11x8,92,219,"[1, 0, 0, 0, 1, 1, 1, 1, 0, 0, 0, 0, 3, 3, 3, 3, 0, 3, 1, 1]",77,151,"[1, 0, 1, 0, 1, 1, 1, 0, 0, 0, 0, 0, 3, 3, 3, 3, 0, 3, 1, 1]",77,150,"[1, 0, 1, 0, 1, 1, 1, 0, 0, 0, 0, 0, 3, 3, 3, 3, 0, 3, 1, 1]",77,149,"[1, 0, 1, 0, 1, 1, 1, 0, 0, 0, 0, 0, 3, 3, 3, 3, 0, 3, 1, 1]",77,145,"[1, 0, 1, 0, 1, 1, 1, 0, 0, 0, 0, 0, 3, 3, 3, 3, 0, 3, 1, 1]",77,134,"[1, 0, 1, 0, 1, 1, 1, 0, 0, 0, 0, 0, 3, 3, 3, 3, 0, 3, 1, 1]",77,152,"[1, 0, 1, 0, 1, 1, 1, 0, 0, 0, 0, 0, 3, 3, 3, 3, 0, 3, 1, 1]",77,152,"[1, 0, 1, 0, 1, 1, 1, 0, 0, 0, 0, 0, 3, 3, 3, 3, 0, 3, 1, 1]",77,152,"[1, 0, 1, 0, 1, 1, 1, 0, 0, 0, 0, 0, 3, 3, 3, 3, 0, 3, 1, 1]",77,152,"[1, 0, 1, 0, 1, 1, 1, 0, 0, 0, 0, 0, 3, 3, 3, 3, 0, 3, 1, 1]",77,152,"[1, 0, 1, 0, 1, 1, 1, 0, 0, 0, 0, 0, 3, 3, 3, 3, 0, 3, 1, 1]"
,,,,,,,,,,,,,,,,,,,,,,,,,,,,,,,,,
20x19,160,894,"[0, 0, 0, 0, 0, 0, 1, 0, 0, 0, 1, 0, 1, 1, 1, 1, 1, 1, 0, 0, 0, 0, 0, 0, 0, 1, 1, 1, 1, 0, 3, 3, 3, 3, 3, 3, 3, 2, 2, 2, 3, 2]",106,715,"[0, 1, 0, 1, 1, 1, 1, 1, 1, 1, 0, 0, 0, 1, 0, 1, 0, 0, 0, 0, 0, 0, 0, 0, 0, 0, 0, 3, 1, 1, 1, 3, 2, 3, 2, 3, 3, 2, 3, 3, 0, 3, 3, 2]",106,679,"[0, 1, 0, 1, 1, 1, 1, 1, 1, 1, 0, 0, 0, 1, 0, 1, 0, 0, 0, 0, 0, 0, 0, 0, 0, 0, 0, 3, 1, 1, 1, 3, 2, 3, 2, 3, 3, 2, 3, 3, 0, 3, 3, 2]",106,612,"[0, 1, 0, 1, 1, 1, 1, 1, 1, 1, 0, 0, 0, 1, 0, 1, 0, 0, 0, 0, 0, 0, 0, 0, 0, 0, 0, 3, 1, 1, 1, 3, 2, 3, 2, 3, 3, 2, 3, 3, 0, 3, 3, 2]",106,510,"[0, 1, 0, 1, 1, 1, 1, 1, 1, 1, 0, 0, 0, 1, 0, 1, 0, 0, 0, 0, 0, 0, 0, 0, 0, 0, 0, 1, 1, 3, 3, 3, 1, 2, 2, 3, 3, 2, 3, 3, 0, 3, 3, 2]",111,1658,"[0, 1, 0, 1, 1, 1, 1, 1, 1, 1, 0, 0, 0, 1, 0, 1, 0, 0, 0, 0, 0, 0, 0, 0, 0, 0, 0, 1, 1, 3, 3, 3, 2, 2, 3, 2, 3, 3, 0, 3, 3, 2]",106,734,"[0, 1, 0, 1, 1, 1, 1, 1, 1, 1, 0, 0, 0, 1, 0, 1, 0, 0, 0, 0, 0, 0, 0, 0, 0, 0, 0, 3, 1, 1, 1, 3, 2, 3, 2, 3, 3, 2, 3, 3, 0, 3, 3, 2]",106,737,"[0, 1, 0, 1, 1, 1, 1, 1, 1, 1, 0, 0, 0, 1, 0, 1, 0, 0, 0, 0, 0, 0, 0, 0, 0, 0, 0, 3, 1, 1, 1, 3, 2, 3, 2, 3, 3, 2, 3, 3, 0, 3, 3, 2]",106,737,"[0, 1, 0, 1, 1, 1, 1, 1, 1, 1, 0, 0, 0, 1, 0, 1, 0, 0, 0, 0, 0, 0, 0, 0, 0, 0, 0, 3, 1, 1, 1, 3, 2, 3, 2, 3, 3, 2, 3, 3, 0, 3, 3, 2]",106,737,"[0, 1, 0, 1, 1, 1, 1, 1, 1, 1, 0, 0, 0, 1, 0, 1, 0, 0, 0, 0, 0, 0, 0, 0, 0, 0, 0, 3, 1, 1, 1, 3, 2, 3, 2, 3, 3, 2, 3, 3, 0, 3, 3, 2]",106,737,"[0, 1, 0, 1, 1, 1, 1, 1, 1, 1, 0, 0, 0, 1, 0, 1, 0, 0, 0, 0, 0, 0, 0, 0, 0, 0, 0, 3, 1, 1, 1, 3, 2, 3, 2, 3, 3, 2, 3, 3, 0, 3, 3, 2]"
,,,,,,,,,,,,,,,,,,,,,,,,,,,,,,,,,
13x11,114,362,"[0, 1, 0, 1, 1, 1, 1, 1, 0, 0, 0, 3, 3, 0, 0, 0, 0, 0, 0, 3, 3, 3, 3, 1, 1, 0, 1, 1]",77,323,"[0, 1, 0, 1, 1, 1, 1, 1, 3, 3, 0, 0, 3, 0, 0, 0, 3, 3, 3, 0, 0, 0, 0, 1, 1, 1, 0, 1]",77,314,"[0, 1, 0, 1, 1, 1, 1, 1, 3, 3, 0, 0, 3, 0, 0, 0, 3, 3, 3, 0, 0, 0, 0, 1, 1, 1, 0, 1]",77,295,"[0, 1, 0, 1, 1, 1, 1, 1, 3, 3, 0, 0, 3, 0, 0, 0, 3, 3, 3, 0, 0, 0, 0, 1, 1, 1, 0, 1]",77,255,"[0, 1, 0, 1, 1, 1, 1, 1, 3, 3, 0, 0, 3, 0, 0, 0, 3, 3, 3, 0, 0, 0, 0, 1, 1, 1, 0, 1]",77,208,"[0, 1, 0, 1, 1, 1, 1, 1, 3, 3, 0, 0, 3, 0, 0, 0, 3, 3, 3, 0, 0, 0, 0, 1, 1, 1, 0, 1]",77,335,"[0, 1, 0, 1, 1, 1, 1, 1, 3, 3, 0, 0, 3, 0, 0, 0, 3, 3, 3, 0, 0, 0, 0, 1, 1, 1, 0, 1]",77,336,"[0, 1, 0, 1, 1, 1, 1, 1, 3, 3, 0, 0, 3, 0, 0, 0, 3, 3, 3, 0, 0, 0, 0, 1, 1, 1, 0, 1]",77,336,"[0, 1, 0, 1, 1, 1, 1, 1, 3, 3, 0, 0, 3, 0, 0, 0, 3, 3, 3, 0, 0, 0, 0, 1, 1, 1, 0, 1]",77,336,"[0, 1, 0, 1, 1, 1, 1, 1, 3, 3, 0, 0, 3, 0, 0, 0, 3, 3, 3, 0, 0, 0, 0, 1, 1, 1, 0, 1]",77,336,"[0, 1, 0, 1, 1, 1, 1, 1, 3, 3, 0, 0, 3, 0, 0, 0, 3, 3, 3, 0, 0, 0, 0, 1, 1, 1, 0, 1]"
,,,,,,,,,,,,,,,,,,,,,,,,,,,,,,,,,
20x11,141,587,"[0, 1, 1, 1, 0, 0, 0, 1, 0, 0, 0, 0, 0, 3, 0, 0, 0, 0, 0, 0, 1, 0, 1, 1, 1, 1, 1, 1, 2, 2, 2, 2, 2, 2, 2, 2]",92,461,"[1, 1, 0, 1, 0, 0, 1, 0, 0, 0, 0, 0, 3, 0, 0, 0, 0, 1, 1, 1, 1, 0, 1, 1, 0, 0, 0, 1, 2, 2, 2, 2, 2, 2, 2, 2]",92,445,"[1, 1, 0, 1, 0, 0, 1, 0, 0, 0, 0, 0, 3, 0, 0, 0, 0, 1, 1, 1, 1, 0, 1, 1, 0, 0, 0, 1, 2, 2, 2, 2, 2, 2, 2, 2]",92,412,"[1, 1, 0, 1, 0, 0, 1, 0, 0, 0, 0, 0, 3, 0, 0, 0, 0, 1, 1, 1, 1, 0, 1, 1, 0, 0, 0, 1, 2, 2, 2, 2, 2, 2, 2, 2]",92,376,"[1, 1, 0, 1, 0, 0, 1, 0, 0, 0, 0, 0, 3, 0, 0, 0, 0, 1, 1, 1, 1, 0, 1, 1, 0, 0, 0, 1, 2, 2, 2, 2, 2, 2, 2, 2]",92,891,"[1, 1, 0, 1, 0, 0, 1, 0, 0, 0, 0, 0, 3, 0, 0, 0, 0, 1, 1, 1, 1, 0, 1, 1, 0, 0, 0, 1, 2, 2, 2, 2, 2, 2, 2, 2]",92,462,"[1, 1, 0, 1, 0, 0, 1, 0, 0, 0, 0, 0, 3, 0, 0, 0, 0, 1, 1, 1, 1, 0, 1, 1, 0, 0, 0, 1, 2, 2, 2, 2, 2, 2, 2, 2]",92,462,"[1, 1, 0, 1, 0, 0, 1, 0, 0, 0, 0, 0, 3, 0, 0, 0, 0, 1, 1, 1, 1, 0, 1, 1, 0, 0, 0, 1, 2, 2, 2, 2, 2, 2, 2, 2]",92,462,"[1, 1, 0, 1, 0, 0, 1, 0, 0, 0, 0, 0, 3, 0, 0, 0, 0, 1, 1, 1, 1, 0, 1, 1, 0, 0, 0, 1, 2, 2, 2, 2, 2, 2, 2, 2]",92,462,"[1, 1, 0, 1, 0, 0, 1, 0, 0, 0, 0, 0, 3, 0, 0, 0, 0, 1, 1, 1, 1, 0, 1, 1, 0, 0, 0, 1, 2, 2, 2, 2, 2, 2, 2, 2]",92,462,"[1, 1, 0, 1, 0, 0, 1, 0, 0, 0, 0, 0, 3, 0, 0, 0, 0, 1, 1, 1, 1, 0, 1, 1, 0, 0, 0, 1, 2, 2, 2, 2, 2, 2, 2, 2]"
,,,,,,,,,,,,,,,,,,,,,,,,,,,,,,,,,
9x17,109,460,"[0, 1, 1, 1, 1, 0, 1, 0, 0, 0, 1, 0, 0, 1, 0, 1, 1, 1, 3, 2, 2, 1, 2, 1, 1, 2, 1, 1, 2, 2]",69,355,"[1, 0, 1, 1, 1, 0, 1, 0, 1, 0, 0, 0, 0, 1, 1, 1, 0, 1, 3, 2, 3, 2, 2, 2, 2, 1, 2, 1, 2, 1, 1, 1, 1, 0]",69,338,"[1, 0, 1, 1, 1, 0, 1, 0, 1, 0, 0, 0, 0, 1, 1, 1, 0, 1, 3, 2, 3, 2, 2, 2, 2, 1, 2, 1, 2, 1, 1, 1, 1, 0]",69,309,"[1, 0, 1, 1, 1, 0, 1, 0, 1, 0, 0, 0, 0, 1, 1, 1, 0, 1, 3, 2, 3, 2, 2, 2, 2, 1, 2, 1, 2, 1, 1, 1, 1, 0]",69,262,"[1, 0, 1, 1, 1, 0, 1, 0, 1, 0, 0, 0, 0, 1, 1, 1, 0, 1, 3, 2, 3, 2, 2, 2, 2, 1, 2, 1, 2, 1, 1, 1, 1, 0]",76,314,"[1, 0, 1, 1, 1, 0, 1, 0, 1, 0, 0, 0, 0, 1, 1, 1, 0, 1, 3, 2, 2, 2, 2, 1, 1, 1, 1, 1, 2, 2]",69,344,"[1, 0, 1, 1, 1, 0, 1, 0, 1, 0, 0, 0, 0, 1, 1, 1, 0, 1, 3, 2, 3, 2, 2, 2, 2, 1, 2, 1, 2, 1, 1, 1, 1, 0]",69,359,"[1, 0, 1, 1, 1, 0, 1, 0, 1, 0, 0, 0, 0, 1, 1, 1, 0, 1, 3, 2, 3, 2, 2, 2, 2, 1, 2, 1, 2, 1, 1, 1, 1, 0]",69,359,"[1, 0, 1, 1, 1, 0, 1, 0, 1, 0, 0, 0, 0, 1, 1, 1, 0, 1, 3, 2, 3, 2, 2, 2, 2, 1, 2, 1, 2, 1, 1, 1, 1, 0]",69,359,"[1, 0, 1, 1, 1, 0, 1, 0, 1, 0, 0, 0, 0, 1, 1, 1, 0, 1, 3, 2, 3, 2, 2, 2, 2, 1, 2, 1, 2, 1, 1, 1, 1, 0]",69,359,"[1, 0, 1, 1, 1, 0, 1, 0, 1, 0, 0, 0, 0, 1, 1, 1, 0, 1, 3, 2, 3, 2, 2, 2, 2, 1, 2, 1, 2, 1, 1, 1, 1, 0]"
,,,,,,,,,,,,,,,,,,,,,,,,,,,,,,,,,
Edge1,3,4,"[1, 0, 3]",3,5,"[1, 0, 3]",3,5,"[1, 0, 3]",3,6,"[1, 0, 3]",3,6,"[1, 0, 3]",3,6,"[1, 0, 3]",3,5,"[1, 0, 3]",3,5,"[1, 0, 3]",3,5,"[1, 0, 3]",3,6,"[1, 0, 3]",3,6,"[1, 0, 3]"
,,,,,,,,,,,,,,,,,,,,,,,,,,,,,,,,,
Edge2,4,8,"[0, 2, 1, 0]",4,9,"[0, 2, 1, 0]",4,9,"[0, 2, 1, 0]",4,9,"[0, 2, 1, 0]",4,8,"[0, 2, 1, 0]",4,8,"[0, 2, 1, 0]",4,9,"[0, 2, 1, 0]",4,9,"[0, 2, 1, 0]",4,10,"[0, 2, 1, 0]",4,10,"[0, 2, 1, 0]",4,10,"[0, 2, 1, 0]"
,,,,,,,,,,,,,,,,,,,,,,,,,,,,,,,,,
Edge3,23,10,"[1, 1, 0, 0, 3]",23,8,"[1, 1, 0, 0, 3]",23,8,"[1, 1, 0, 0, 3]",23,8,"[1, 1, 0, 0, 3]",23,8,"[1, 1, 0, 0, 3]",23,7,"[1, 1, 0, 0, 3]",23,8,"[1, 1, 0, 0, 3]",23,8,"[1, 1, 0, 0, 3]",23,8,"[1, 1, 0, 0, 3]",23,8,"[1, 1, 0, 0, 3]",23,8,"[1, 1, 0, 0, 3]"
,,,,,,,,,,,,,,,,,,,,,,,,,,,,,,,,,
35x29,180,1703,"[0, 1, 1, 0, 0, 0, 0, 0, 0, 0, 0, 1, 1, 1, 1, 1, 0, 1, 1, 1, 1, 1, 1, 1, 1, 1, 1, 1, 1, 1, 1, 1, 2, 2, 0, 0, 0, 0, 0, 3, 0, 3, 3, 0, 0]",108,1082,"[0, 1, 1, 0, 1, 1, 1, 1, 1, 1, 1, 2, 1, 1, 0, 0, 1, 1, 0, 0, 0, 0, 1, 1, 1, 1, 0, 0, 0, 1, 1, 0, 1, 1, 2, 2, 1, 2, 0, 3, 0, 0, 3, 0, 0, 0, 3, 0, 0]",108,1004,"[0, 1, 1, 0, 1, 1, 1, 1, 1, 1, 1, 2, 1, 1, 0, 0, 1, 1, 0, 0, 0, 0, 1, 1, 1, 1, 0, 0, 0, 1, 1, 0, 1, 1, 2, 2, 1, 2, 0, 3, 0, 0, 3, 0, 0, 0, 3, 0, 0]",108,870,"[0, 1, 1, 0, 1, 1, 1, 1, 1, 1, 1, 2, 1, 1, 0, 0, 1, 1, 0, 0, 0, 0, 1, 1, 1, 1, 0, 0, 0, 1, 1, 0, 1, 1, 2, 2, 1, 2, 0, 3, 0, 0, 3, 0, 0, 0, 3, 0, 0]",108,760,"[0, 1, 1, 0, 1, 1, 1, 1, 1, 1, 1, 2, 1, 1, 0, 0, 1, 1, 0, 0, 0, 0, 1, 1, 1, 1, 0, 0, 0, 1, 1, 0, 1, 1, 2, 2, 1, 2, 0, 3, 0, 0, 3, 0, 0, 0, 3, 0, 0]",133,641,"[0, 1, 1, 0, 1, 1, 1, 1, 0, 1, 1, 0, 0, 0, 0, 0, 0, 1, 1, 1, 0, 1, 1, 2, 1, 2, 2, 1, 1, 1, 0, 1, 1, 2, 1, 1, 1, 0, 0, 3, 0, 0, 3, 3, 2, 3, 1, 0, 0, 3, 0, 0, 1, 0, 0]",108,1078,"[0, 1, 1, 0, 1, 1, 1, 1, 1, 1, 1, 2, 1, 1, 0, 0, 1, 1, 0, 0, 0, 0, 1, 1, 1, 1, 0, 0, 0, 1, 1, 0, 1, 1, 2, 2, 1, 2, 0, 3, 0, 0, 3, 0, 0, 0, 3, 0, 0]",108,1107,"[0, 1, 1, 0, 1, 1, 1, 1, 1, 1, 1, 2, 1, 1, 0, 0, 1, 1, 0, 0, 0, 0, 1, 1, 1, 1, 0, 0, 0, 1, 1, 0, 1, 1, 2, 2, 1, 2, 0, 3, 0, 0, 3, 0, 0, 0, 3, 0, 0]",108,1107,"[0, 1, 1, 0, 1, 1, 1, 1, 1, 1, 1, 2, 1, 1, 0, 0, 1, 1, 0, 0, 0, 0, 1, 1, 1, 1, 0, 0, 0, 1, 1, 0, 1, 1, 2, 2, 1, 2, 0, 3, 0, 0, 3, 0, 0, 0, 3, 0, 0]",108,1107,"[0, 1, 1, 0, 1, 1, 1, 1, 1, 1, 1, 2, 1, 1, 0, 0, 1, 1, 0, 0, 0, 0, 1, 1, 1, 1, 0, 0, 0, 1, 1, 0, 1, 1, 2, 2, 1, 2, 0, 3, 0, 0, 3, 0, 0, 0, 3, 0, 0]",108,1107,"[0, 1, 1, 0, 1, 1, 1, 1, 1, 1, 1, 2, 1, 1, 0, 0, 1, 1, 0, 0, 0, 0, 1, 1, 1, 1, 0, 0, 0, 1, 1, 0, 1, 1, 2, 2, 1, 2, 0, 3, 0, 0, 3, 0, 0, 0, 3, 0, 0]"
,,,,,,,,,,,,,,,,,,,,,,,,,,,,,,,,,
45x38,0,0,[],0,0,[],0,0,[],0,0,[],0,0,[],0,0,[],0,0,[],0,0,[],0,0,[],0,0,[],0,0,[]
,,,,,,,,,,,,,,,,,,,,,,,,,,,,,,,,,
47x48,283,3492,"[1, 1, 1, 0, 0, 0, 0, 0, 0, 0, 0, 0, 1, 0, 0, 1, 1, 1, 1, 0, 0, 0, 1, 1, 1, 1, 1, 0, 1, 1, 1, 1, 1, 1, 1, 1, 1, 1, 1, 1, 1, 0, 0, 0, 0, 0, 1, 0, 0, 0, 0, 0, 0, 2, 2, 2, 2, 2, 2, 3, 3, 3, 3, 2, 3, 2]",197,3265,"[1, 1, 1, 0, 0, 0, 0, 0, 0, 1, 1, 1, 1, 1, 1, 0, 1, 1, 1, 1, 0, 1, 1, 1, 0, 1, 1, 1, 1, 0, 1, 1, 0, 1, 0, 0, 1, 0, 0, 3, 1, 1, 1, 0, 0, 0, 0, 0, 3, 0, 0, 1, 0, 0, 0, 1, 0, 2, 3, 2, 3, 3, 3, 2, 3, 2, 2, 2, 2, 2]",197,2899,"[1, 1, 1, 0, 0, 0, 0, 0, 0, 1, 1, 1, 1, 1, 1, 0, 1, 1, 1, 1, 0, 1, 1, 1, 0, 1, 1, 1, 1, 0, 1, 1, 0, 1, 0, 0, 1, 0, 0, 3, 1, 1, 1, 0, 0, 0, 0, 0, 3, 0, 0, 1, 0, 0, 0, 1, 0, 2, 3, 2, 3, 3, 3, 2, 3, 2, 2, 2, 2, 2]",197,2385,"[1, 1, 1, 0, 0, 0, 0, 0, 0, 1, 1, 1, 1, 1, 1, 0, 1, 1, 1, 1, 0, 1, 1, 1, 0, 1, 1, 1, 1, 0, 1, 1, 0, 1, 0, 0, 1, 0, 0, 3, 1, 1, 1, 0, 0, 0, 0, 0, 3, 0, 0, 1, 0, 0, 0, 1, 0, 2, 3, 2, 3, 3, 3, 2, 3, 2, 2, 2, 2, 2]",197,1930,"[1, 1, 1, 0, 0, 0, 0, 0, 0, 1, 1, 1, 1, 1, 1, 0, 1, 1, 1, 1, 0, 1, 1, 1, 0, 1, 1, 1, 1, 0, 1, 1, 0, 1, 0, 0, 1, 0, 0, 3, 1, 1, 1, 0, 0, 0, 0, 0, 3, 0, 0, 1, 0, 0, 0, 1, 0, 2, 3, 2, 3, 3, 3, 2, 3, 2, 2, 2, 2, 2]",209,3859,"[1, 1, 1, 0, 1, 0, 0, 3, 0, 0, 0, 1, 0, 1, 0, 0, 1, 1, 1, 1, 0, 1, 1, 0, 0, 1, 1, 0, 0, 1, 1, 0, 0, 1, 1, 0, 1, 0, 0, 1, 1, 1, 1, 0, 0, 0, 0, 1, 0, 1, 1, 1, 0, 1, 0, 2, 3, 2, 2, 2, 3, 2, 2, 1, 2, 2, 2, 2, 2, 3, 3, 3, 0, 3, 0, 0]",197,3177,"[1, 1, 1, 0, 0, 0, 0, 0, 0, 1, 1, 1, 1, 1, 1, 0, 1, 1, 1, 1, 0, 1, 1, 1, 0, 1, 1, 1, 1, 0, 1, 1, 0, 1, 0, 1, 0, 0, 0, 3, 1, 1, 1, 0, 0, 0, 0, 0, 3, 0, 0, 1, 0, 0, 0, 1, 0, 2, 3, 2, 3, 3, 3, 2, 3, 2, 2, 2, 2, 2]",197,3404,"[1, 1, 1, 0, 0, 0, 0, 0, 0, 1, 1, 1, 1, 1, 1, 0, 1, 1, 1, 1, 0, 1, 1, 1, 0, 1, 1, 1, 1, 0, 1, 1, 0, 1, 0, 1, 0, 0, 0, 3, 1, 1, 1, 0, 0, 0, 0, 0, 3, 0, 0, 1, 0, 0, 0, 1, 0, 2, 3, 2, 3, 3, 3, 2, 3, 2, 2, 2, 2, 2]",197,3404,"[1, 1, 1, 0, 0, 0, 0, 0, 0, 1, 1, 1, 1, 1, 1, 0, 1, 1, 1, 1, 0, 1, 1, 1, 0, 1, 1, 1, 1, 0, 1, 1, 0, 1, 0, 1, 0, 0, 0, 3, 1, 1, 1, 0, 0, 0, 0, 0, 3, 0, 0, 1, 0, 0, 0, 1, 0, 2, 3, 2, 3, 3, 3, 2, 3, 2, 2, 2, 2, 2]",197,3404,"[1, 1, 1, 0, 0, 0, 0, 0, 0, 1, 1, 1, 1, 1, 1, 0, 1, 1, 1, 1, 0, 1, 1, 1, 0, 1, 1, 1, 1, 0, 1, 1, 0, 1, 0, 1, 0, 0, 0, 3, 1, 1, 1, 0, 0, 0, 0, 0, 3, 0, 0, 1, 0, 0, 0, 1, 0, 2, 3, 2, 3, 3, 3, 2, 3, 2, 2, 2, 2, 2]",197,3404,"[1, 1, 1, 0, 0, 0, 0, 0, 0, 1, 1, 1, 1, 1, 1, 0, 1, 1, 1, 1, 0, 1, 1, 1, 0, 1, 1, 1, 1, 0, 1, 1, 0, 1, 0, 1, 0, 0, 0, 3, 1, 1, 1, 0, 0, 0, 0, 0, 3, 0, 0, 1, 0, 0, 0, 1, 0, 2, 3, 2, 3, 3, 3, 2, 3, 2, 2, 2, 2, 2]"
,,,,,,,,,,,,,,,,,,,,,,,,,,,,,,,,,
22x40,357,3081,"[0, 0, 0, 1, 1, 1, 1, 1, 1, 1, 0, 1, 1, 0, 1, 1, 0, 1, 1, 1, 1, 0, 1, 1, 1, 1, 1, 1, 0, 0, 1, 1, 1, 1, 1, 1, 1, 0, 0, 0, 1, 1, 1, 1, 1, 1, 1, 1, 1, 1, 1, 3, 3, 3, 3, 3, 3, 3, 3, 3, 0, 3, 3, 3, 3, 3, 2, 3, 3, 0, 0, 0, 0, 3, 3, 3, 3, 3, 0, 3, 0, 0, 3, 3, 3, 0, 3, 3, 3, 3, 3, 3, 3, 3, 3, 0, 3, 3, 3, 3, 3, 2, 2]",267,2494,"[0, 0, 1, 0, 1, 1, 1, 1, 1, 1, 1, 1, 1, 0, 0, 1, 0, 1, 1, 1, 1, 1, 2, 1, 1, 1, 0, 1, 1, 2, 1, 1, 1, 1, 0, 0, 0, 1, 1, 0, 1, 1, 1, 1, 1, 1, 1, 0, 0, 0, 1, 1, 1, 1, 1, 3, 3, 3, 3, 3, 2, 2, 2, 3, 3, 3, 3, 3, 0, 3, 0, 0, 0, 3, 3, 3, 2, 3, 3, 0, 0, 0, 0, 3, 3, 3, 2, 3, 3, 3, 3, 3, 2, 3, 3, 3, 3, 3, 3, 3, 3, 0, 3, 0, 3, 3, 3, 0, 3, 0, 0, 0, 0, 3, 3, 2, 2]",267,2442,"[0, 0, 1, 0, 1, 1, 1, 1, 1, 1, 1, 1, 1, 0, 0, 1, 0, 1, 1, 1, 1, 1, 2, 1, 1, 1, 0, 1, 1, 2, 1, 1, 1, 1, 0, 0, 0, 1, 1, 0, 1, 1, 1, 1, 1, 1, 1, 0, 0, 0, 1, 1, 1, 1, 1, 3, 3, 3, 3, 3, 2, 2, 2, 3, 3, 3, 3, 3, 0, 3, 0, 0, 0, 3, 3, 3, 2, 3, 3, 0, 0, 0, 0, 3, 3, 3, 2, 3, 3, 3, 3, 3, 2, 3, 3, 3, 3, 3, 3, 3, 3, 0, 3, 0, 3, 3, 3, 0, 3, 0, 0, 0, 0, 3, 3, 2, 2]",267,2319,"[0, 0, 1, 0, 1, 1, 1, 1, 1, 1, 1, 1, 1, 0, 0, 1, 0, 1, 1, 1, 1, 1, 2, 1, 1, 1, 0, 1, 1, 2, 1, 1, 1, 1, 0, 0, 0, 1, 1, 0, 1, 1, 1, 1, 1, 1, 1, 0, 0, 0, 1, 1, 1, 1, 1, 3, 3, 3, 3, 3, 2, 2, 2, 3, 3, 3, 3, 3, 0, 3, 0, 0, 0, 3, 3, 3, 2, 3, 3, 0, 0, 0, 0, 3, 3, 3, 2, 3, 3, 3, 3, 3, 2, 3, 3, 3, 3, 3, 3, 3, 3, 0, 3, 0, 3, 3, 3, 0, 3, 0, 0, 0, 0, 3, 3, 2, 2]",267,2134,"[0, 0, 1, 0, 1, 1, 1, 1, 1, 1, 1, 1, 1, 0, 0, 1, 0, 1, 1, 1, 1, 1, 2, 1, 1, 1, 0, 1, 1, 2, 1, 1, 1, 1, 0, 0, 0, 1, 1, 0, 1, 1, 1, 1, 1, 1, 1, 0, 0, 0, 1, 1, 1, 1, 1, 3, 3, 3, 3, 3, 2, 2, 2, 3, 3, 3, 3, 3, 0, 3, 0, 0, 0, 3, 3, 3, 2, 3, 3, 0, 0, 0, 0, 3, 3, 3, 2, 3, 3, 3, 3, 3, 2, 3, 3, 3, 3, 3, 3, 3, 3, 0, 3, 0, 3, 3, 3, 0, 3, 0, 0, 0, 0, 3, 3, 2, 2]",331,3813,"[0, 0, 1, 0, 1, 1, 1, 1, 1, 1, 1, 1, 1, 0, 0, 1, 0, 1, 1, 1, 1, 1, 2, 1, 1, 1, 0, 1, 1, 2, 1, 1, 1, 1, 0, 0, 0, 1, 1, 0, 1, 1, 1, 1, 1, 1, 1, 0, 0, 0, 1, 1, 1, 1, 1, 0, 0, 3, 3, 0, 3, 0, 0, 3, 3, 0, 3, 3, 3, 3, 3, 3, 3, 0, 3, 3, 3, 0, 3, 3, 3, 3, 0, 3, 3, 2, 2, 3, 3, 2, 3, 3, 3, 0, 3, 0, 3, 3, 3, 3, 3, 3, 3, 0, 3, 3, 3, 3, 3, 2, 2]",267,2503,"[0, 0, 1, 0, 1, 1, 1, 1, 1, 1, 1, 1, 1, 0, 0, 1, 0, 1, 1, 1, 1, 1, 2, 1, 1, 1, 0, 1, 1, 2, 1, 1, 1, 1, 0, 0, 0, 1, 1, 0, 1, 1, 1, 1, 1, 1, 1, 0, 0, 0, 1, 1, 1, 1, 1, 3, 3, 3, 3, 3, 2, 2, 2, 3, 3, 3, 3, 3, 0, 3, 0, 0, 0, 3, 3, 3, 2, 3, 3, 0, 0, 0, 0, 3, 3, 3, 2, 3, 3, 3, 2, 3, 3, 3, 3, 3, 3, 3, 3, 3, 3, 0, 3, 0, 3, 3, 3, 0, 3, 0, 0, 0, 0, 3, 3, 2, 2]",267,2508,"[0, 0, 1, 0, 1, 1, 1, 1, 1, 1, 1, 1, 1, 0, 0, 1, 0, 1, 1, 1, 1, 1, 2, 1, 1, 1, 0, 1, 1, 2, 1, 1, 1, 1, 0, 0, 0, 1, 1, 0, 1, 1, 1, 1, 1, 1, 1, 0, 0, 0, 1, 1, 1, 1, 1, 3, 3, 3, 3, 3, 2, 2, 2, 3, 3, 3, 3, 3, 0, 3, 0, 0, 0, 3, 3, 3, 2, 3, 3, 0, 0, 0, 0, 3, 3, 3, 2, 3, 3, 3, 2, 3, 3, 3, 3, 3, 3, 3, 3, 3, 3, 0, 3, 0, 3, 3, 3, 0, 3, 0, 0, 0, 0, 3, 3, 2, 2]",267,2508,"[0, 0, 1, 0, 1, 1, 1, 1, 1, 1, 1, 1, 1, 0, 0, 1, 0, 1, 1, 1, 1, 1, 2, 1, 1, 1, 0, 1, 1, 2, 1, 1, 1, 1, 0, 0, 0, 1, 1, 0, 1, 1, 1, 1, 1, 1, 1, 0, 0, 0, 1, 1, 1, 1, 1, 3, 3, 3, 3, 3, 2, 2, 2, 3, 3, 3, 3, 3, 0, 3, 0, 0, 0, 3, 3, 3, 2, 3, 3, 0, 0, 0, 0, 3, 3, 3, 2, 3, 3, 3, 2, 3, 3, 3, 3, 3, 3, 3, 3, 3, 3, 0, 3, 0, 3, 3, 3, 0, 3, 0, 0, 0, 0, 3, 3, 2, 2]",267,2508,"[0, 0, 1, 0, 1, 1, 1, 1, 1, 1, 1, 1, 1, 0, 0, 1, 0, 1, 1, 1, 1, 1, 2, 1, 1, 1, 0, 1, 1, 2, 1, 1, 1, 1, 0, 0, 0, 1, 1, 0, 1, 1, 1, 1, 1, 1, 1, 0, 0, 0, 1, 1, 1, 1, 1, 3, 3, 3, 3, 3, 2, 2, 2, 3, 3, 3, 3, 3, 0, 3, 0, 0, 0, 3, 3, 3, 2, 3, 3, 0, 0, 0, 0, 3, 3, 3, 2, 3, 3, 3, 2, 3, 3, 3, 3, 3, 3, 3, 3, 3, 3, 0, 3, 0, 3, 3, 3, 0, 3, 0, 0, 0, 0, 3, 3, 2, 2]",267,2508,"[0, 0, 1, 0, 1, 1, 1, 1, 1, 1, 1, 1, 1, 0, 0, 1, 0, 1, 1, 1, 1, 1, 2, 1, 1, 1, 0, 1, 1, 2, 1, 1, 1, 1, 0, 0, 0, 1, 1, 0, 1, 1, 1, 1, 1, 1, 1, 0, 0, 0, 1, 1, 1, 1, 1, 3, 3, 3, 3, 3, 2, 2, 2, 3, 3, 3, 3, 3, 0, 3, 0, 0, 0, 3, 3, 3, 2, 3, 3, 0, 0, 0, 0, 3, 3, 3, 2, 3, 3, 3, 2, 3, 3, 3, 3, 3, 3, 3, 3, 3, 3, 0, 3, 0, 3, 3, 3, 0, 3, 0, 0, 0, 0, 3, 3, 2, 2]"
,,,,,,,,,,,,,,,,,,,,,,,,,,,,,,,,,
21x26,134,1245,"[0, 0, 0, 0, 1, 1, 1, 1, 1, 0, 0, 0, 0, 0, 0, 0, 0, 0, 0, 0, 0, 0, 1, 1, 1, 0, 1, 1, 0, 1, 1, 0, 2, 2, 3, 3, 2, 3, 3, 3, 3, 3, 0, 0]",111,1018,"[0, 0, 1, 0, 0, 2, 2, 1, 2, 1, 1, 0, 1, 1, 0, 0, 0, 0, 1, 1, 0, 1, 0, 1, 0, 0, 1, 0, 0, 0, 0, 0, 1, 0, 0, 0, 0, 0, 2, 3, 3, 2, 3, 3, 2, 3, 3, 3, 0, 0]",111,990,"[0, 0, 1, 0, 0, 2, 2, 1, 2, 1, 1, 0, 1, 1, 0, 0, 0, 0, 1, 1, 0, 1, 0, 1, 0, 0, 1, 0, 0, 0, 0, 0, 1, 0, 0, 0, 0, 0, 2, 3, 3, 2, 3, 3, 2, 3, 3, 3, 0, 0]",111,958,"[0, 0, 1, 0, 0, 2, 2, 1, 2, 1, 1, 0, 1, 1, 0, 0, 0, 0, 1, 1, 0, 1, 0, 1, 0, 0, 1, 0, 0, 0, 0, 0, 1, 0, 0, 0, 0, 0, 2, 3, 3, 2, 3, 3, 2, 3, 3, 3, 0, 0]",111,892,"[0, 0, 1, 0, 0, 2, 2, 1, 2, 1, 1, 0, 1, 1, 0, 0, 0, 0, 1, 1, 0, 1, 0, 1, 0, 0, 1, 0, 0, 0, 0, 0, 1, 0, 0, 0, 0, 0, 2, 3, 3, 2, 3, 3, 2, 3, 3, 3, 0, 0]",111,1029,"[0, 0, 1, 0, 0, 2, 2, 1, 2, 1, 1, 0, 1, 1, 0, 0, 0, 0, 1, 1, 0, 1, 0, 1, 0, 0, 1, 0, 0, 0, 0, 0, 1, 0, 0, 0, 0, 0, 2, 3, 3, 2, 3, 3, 2, 3, 3, 3, 0, 0]",111,1029,"[0, 0, 1, 0, 0, 2, 2, 1, 2, 1, 1, 0, 1, 1, 0, 0, 0, 1, 0, 1, 0, 1, 1, 0, 0, 1, 0, 0, 0, 0, 0, 0, 1, 0, 0, 0, 0, 0, 2, 3, 3, 2, 3, 3, 2, 3, 3, 3, 0, 0]",111,1031,"[0, 0, 1, 0, 0, 2, 2, 1, 2, 1, 1, 0, 1, 1, 0, 0, 0, 1, 0, 1, 0, 1, 1, 0, 0, 1, 0, 0, 0, 0, 0, 0, 1, 0, 0, 0, 0, 0, 2, 3, 3, 2, 3, 3, 2, 3, 3, 3, 0, 0]",111,1031,"[0, 0, 1, 0, 0, 2, 2, 1, 2, 1, 1, 0, 1, 1, 0, 0, 0, 1, 0, 1, 0, 1, 1, 0, 0, 1, 0, 0, 0, 0, 0, 0, 1, 0, 0, 0, 0, 0, 2, 3, 3, 2, 3, 3, 2, 3, 3, 3, 0, 0]",111,1031,"[0, 0, 1, 0, 0, 2, 2, 1, 2, 1, 1, 0, 1, 1, 0, 0, 0, 1, 0, 1, 0, 1, 1, 0, 0, 1, 0, 0, 0, 0, 0, 0, 1, 0, 0, 0, 0, 0, 2, 3, 3, 2, 3, 3, 2, 3, 3, 3, 0, 0]",111,1031,"[0, 0, 1, 0, 0, 2, 2, 1, 2, 1, 1, 0, 1, 1, 0, 0, 0, 1, 0, 1, 0, 1, 1, 0, 0, 1, 0, 0, 0, 0, 0, 0, 1, 0, 0, 0, 0, 0, 2, 3, 3, 2, 3, 3, 2, 3, 3, 3, 0, 0]"
,,,,,,,,,,,,,,,,,,,,,,,,,,,,,,,,,
35x40,159,1761,"[0, 1, 0, 1, 1, 1, 1, 1, 1, 0, 1, 1, 1, 1, 1, 1, 1, 1, 1, 1, 1, 2, 2, 2, 0, 0, 0, 1, 1, 1, 1, 1, 1, 1, 1, 2, 1, 1, 1, 1, 0, 1, 1, 1, 1, 1, 1, 2]",122,1634,"[1, 1, 0, 0, 1, 1, 1, 1, 1, 0, 1, 1, 1, 1, 1, 2, 1, 1, 1, 1, 1, 1, 2, 2, 1, 0, 1, 1, 2, 1, 1, 1, 1, 0, 0, 1, 1, 1, 1, 1, 0, 1, 0, 1, 0, 1, 1, 1, 1, 1, 1, 2, 2, 2, 3, 3]",122,1483,"[1, 1, 0, 0, 1, 1, 1, 1, 1, 0, 1, 1, 1, 1, 1, 2, 1, 1, 1, 1, 1, 1, 2, 2, 1, 0, 1, 1, 2, 1, 1, 1, 1, 0, 0, 1, 1, 1, 1, 1, 0, 1, 0, 1, 0, 1, 1, 1, 1, 1, 1, 2, 2, 2, 3, 3]",122,1261,"[1, 1, 0, 0, 1, 1, 1, 1, 1, 0, 1, 1, 1, 1, 1, 2, 1, 1, 1, 1, 1, 1, 2, 2, 1, 0, 1, 1, 2, 1, 1, 1, 1, 0, 0, 1, 1, 1, 1, 1, 0, 1, 0, 1, 0, 1, 1, 1, 1, 1, 1, 2, 2, 2, 3, 3]",124,1069,"[1, 1, 0, 0, 1, 1, 1, 1, 1, 0, 1, 1, 1, 1, 1, 2, 1, 1, 1, 1, 1, 1, 2, 2, 1, 0, 1, 1, 2, 1, 1, 1, 1, 0, 0, 1, 1, 1, 1, 1, 0, 1, 0, 1, 0, 1, 1, 1, 1, 2, 2, 2]",143,1356,"[1, 1, 0, 0, 1, 1, 1, 1, 1, 0, 1, 1, 1, 1, 1, 2, 1, 1, 1, 1, 1, 1, 2, 2, 1, 0, 1, 0, 0, 1, 1, 1, 1, 1, 2, 1, 1, 1, 1, 1, 0, 1, 1, 2, 1, 1, 1, 1]",122,1595,"[1, 1, 0, 0, 1, 1, 1, 1, 1, 0, 1, 1, 1, 1, 1, 2, 1, 1, 1, 1, 1, 1, 2, 2, 1, 0, 1, 1, 2, 1, 1, 1, 1, 0, 0, 1, 1, 1, 1, 1, 0, 1, 0, 1, 0, 1, 1, 1, 1, 1, 1, 2, 2, 2, 3, 3]",122,1673,"[1, 1, 0, 0, 1, 1, 1, 1, 1, 0, 1, 1, 1, 1, 1, 2, 1, 1, 1, 1, 1, 1, 2, 2, 1, 0, 1, 1, 2, 1, 1, 1, 1, 0, 0, 1, 1, 1, 1, 1, 0, 1, 0, 1, 0, 1, 1, 1, 1, 1, 1, 2, 2, 2, 3, 3]",122,1673,"[1, 1, 0, 0, 1, 1, 1, 1, 1, 0, 1, 1, 1, 1, 1, 2, 1, 1, 1, 1, 1, 1, 2, 2, 1, 0, 1, 1, 2, 1, 1, 1, 1, 0, 0, 1, 1, 1, 1, 1, 0, 1, 0, 1, 0, 1, 1, 1, 1, 1, 1, 2, 2, 2, 3, 3]",122,1673,"[1, 1, 0, 0, 1, 1, 1, 1, 1, 0, 1, 1, 1, 1, 1, 2, 1, 1, 1, 1, 1, 1, 2, 2, 1, 0, 1, 1, 2, 1, 1, 1, 1, 0, 0, 1, 1, 1, 1, 1, 0, 1, 0, 1, 0, 1, 1, 1, 1, 1, 1, 2, 2, 2, 3, 3]",122,1673,"[1, 1, 0, 0, 1, 1, 1, 1, 1, 0, 1, 1, 1, 1, 1, 2, 1, 1, 1, 1, 1, 1, 2, 2, 1, 0, 1, 1, 2, 1, 1, 1, 1, 0, 0, 1, 1, 1, 1, 1, 0, 1, 0, 1, 0, 1, 1, 1, 1, 1, 1, 2, 2, 2, 3, 3]"
,,,,,,,,,,,,,,,,,,,,,,,,,,,,,,,,,
46x29,221,3728,"[1, 1, 1, 1, 1, 1, 1, 1, 1, 0, 1, 1, 0, 1, 1, 1, 1, 0, 1, 1, 1, 0, 0, 0, 0, 1, 0, 0, 0, 0, 3, 3, 0, 3, 0, 3, 0, 0, 3, 3, 3, 3, 3, 3, 3, 0, 3, 3, 3, 3, 3, 3, 3, 0, 0, 0, 0, 3]",153,3271,"[0, 0, 1, 0, 0, 0, 0, 0, 0, 1, 1, 1, 1, 1, 1, 1, 2, 2, 1, 1, 1, 1, 2, 1, 1, 1, 1, 1, 2, 1, 2, 1, 1, 0, 0, 0, 3, 0, 0, 0, 3, 0, 0, 3, 0, 3, 3, 2, 3, 3, 3, 3, 0, 0, 3, 0, 3, 3, 0, 0, 3, 3, 3, 0, 0, 0, 3, 0, 0, 3, 3, 3, 3, 2]",153,3062,"[0, 0, 1, 0, 0, 0, 0, 0, 0, 1, 1, 1, 1, 1, 1, 1, 2, 2, 1, 1, 1, 1, 2, 1, 1, 1, 1, 1, 2, 1, 2, 1, 1, 0, 0, 0, 3, 0, 0, 0, 3, 0, 0, 3, 0, 3, 3, 2, 3, 3, 3, 3, 0, 0, 3, 0, 3, 3, 0, 0, 3, 3, 3, 0, 0, 0, 3, 0, 0, 3, 3, 3, 3, 2]",153,2654,"[0, 0, 1, 0, 0, 0, 0, 0, 0, 1, 1, 1, 1, 1, 1, 1, 2, 2, 1, 1, 1, 1, 2, 1, 1, 1, 1, 1, 2, 1, 2, 1, 1, 0, 0, 0, 3, 0, 0, 0, 3, 0, 0, 3, 0, 3, 3, 2, 3, 3, 3, 3, 0, 0, 3, 0, 3, 3, 0, 0, 3, 3, 3, 0, 0, 0, 3, 0, 0, 3, 3, 3, 3, 2]",156,2107,"[0, 0, 1, 0, 0, 0, 0, 0, 0, 1, 1, 1, 1, 1, 1, 1, 2, 2, 1, 1, 1, 1, 2, 1, 1, 1, 1, 1, 2, 1, 2, 1, 1, 0, 0, 0, 3, 0, 0, 0, 3, 0, 0, 3, 0, 3, 3, 0, 0, 0, 3, 3, 3, 3, 3, 3, 3, 0, 3, 3, 3, 0, 0, 0, 3, 0, 0, 3, 3, 3, 3, 2]",184,4813,"[0, 0, 1, 0, 0, 0, 0, 0, 0, 1, 1, 1, 1, 1, 1, 1, 2, 2, 1, 1, 1, 1, 2, 1, 1, 1, 1, 1, 2, 1, 2, 1, 1, 0, 0, 0, 3, 0, 0, 0, 3, 0, 0, 3, 0, 3, 3, 0, 0, 0, 3, 3, 3, 3, 0, 0, 3, 0, 0, 3, 0, 3, 3, 3, 3, 3, 3, 0, 3, 3, 3, 2]",153,3084,"[1, 0, 0, 0, 0, 0, 0, 0, 0, 1, 1, 1, 1, 1, 1, 1, 2, 2, 1, 1, 1, 1, 2, 1, 1, 1, 1, 1, 2, 1, 2, 1, 1, 0, 0, 0, 3, 0, 0, 0, 3, 0, 0, 3, 0, 3, 3, 2, 3, 3, 3, 3, 0, 0, 3, 0, 3, 3, 0, 0, 3, 3, 3, 0, 0, 0, 3, 0, 0, 3, 3, 3, 3, 2]",153,3343,"[1, 0, 0, 0, 0, 0, 0, 0, 0, 1, 1, 1, 1, 1, 1, 1, 2, 2, 1, 1, 1, 1, 2, 1, 1, 1, 1, 1, 2, 1, 2, 1, 1, 0, 0, 0, 3, 0, 0, 0, 3, 0, 0, 3, 0, 3, 3, 2, 3, 3, 3, 3, 0, 0, 3, 0, 3, 3, 0, 0, 3, 3, 3, 0, 0, 0, 3, 0, 0, 3, 3, 3, 3, 2]",153,3346,"[1, 0, 0, 0, 0, 0, 0, 0, 0, 1, 1, 1, 1, 1, 1, 1, 2, 2, 1, 1, 1, 1, 2, 1, 1, 1, 1, 1, 2, 1, 2, 1, 1, 0, 0, 0, 3, 0, 0, 0, 3, 0, 0, 3, 0, 3, 3, 2, 3, 3, 3, 3, 0, 0, 3, 0, 3, 3, 0, 0, 3, 3, 3, 0, 0, 0, 3, 0, 0, 3, 3, 3, 3, 2]",153,3346,"[1, 0, 0, 0, 0, 0, 0, 0, 0, 1, 1, 1, 1, 1, 1, 1, 2, 2, 1, 1, 1, 1, 2, 1, 1, 1, 1, 1, 2, 1, 2, 1, 1, 0, 0, 0, 3, 0, 0, 0, 3, 0, 0, 3, 0, 3, 3, 2, 3, 3, 3, 3, 0, 0, 3, 0, 3, 3, 0, 0, 3, 3, 3, 0, 0, 0, 3, 0, 0, 3, 3, 3, 3, 2]",153,3346,"[1, 0, 0, 0, 0, 0, 0, 0, 0, 1, 1, 1, 1, 1, 1, 1, 2, 2, 1, 1, 1, 1, 2, 1, 1, 1, 1, 1, 2, 1, 2, 1, 1, 0, 0, 0, 3, 0, 0, 0, 3, 0, 0, 3, 0, 3, 3, 2, 3, 3, 3, 3, 0, 0, 3, 0, 3, 3, 0, 0, 3, 3, 3, 0, 0, 0, 3, 0, 0, 3, 3, 3, 3, 2]"
,,,,,,,,,,,,,,,,,,,,,,,,,,,,,,,,,
26x48,296,3317,"[0, 1, 0, 0, 1, 1, 1, 1, 1, 1, 0, 1, 1, 1, 1, 1, 0, 1, 1, 1, 1, 0, 1, 1, 0, 0, 0, 1, 1, 1, 1, 1, 1, 1, 2, 1, 1, 1, 1, 1, 1, 1, 1, 1, 1, 0, 1, 1, 1, 2, 0, 3, 3, 2, 3, 3, 3, 3, 3, 3, 2, 3, 3, 3, 3, 3, 3, 3]",180,2648,"[1, 0, 0, 0, 0, 1, 0, 1, 1, 1, 1, 1, 1, 2, 1, 1, 1, 1, 1, 0, 1, 1, 1, 1, 1, 0, 0, 0, 0, 1, 1, 0, 1, 0, 1, 1, 2, 1, 1, 0, 1, 1, 1, 0, 1, 0, 1, 1, 1, 1, 1, 1, 1, 2, 2, 2, 1, 2, 1, 2, 0, 3, 0, 3, 0, 0, 0, 3, 3, 3, 3, 3, 3, 3, 2, 3, 2, 3, 3, 3, 2, 2, 3, 3, 2, 2]",180,2463,"[1, 0, 0, 0, 0, 1, 0, 1, 1, 1, 1, 1, 1, 2, 1, 1, 1, 1, 1, 0, 1, 1, 1, 1, 1, 0, 0, 0, 0, 1, 1, 0, 1, 0, 1, 1, 2, 1, 1, 0, 1, 1, 1, 0, 1, 0, 1, 1, 1, 1, 1, 1, 1, 2, 2, 2, 1, 2, 1, 2, 0, 3, 0, 3, 0, 0, 0, 3, 3, 3, 3, 3, 3, 3, 2, 3, 2, 3, 3, 3, 2, 2, 3, 3, 2, 2]",180,2189,"[1, 0, 0, 0, 0, 1, 0, 1, 1, 1, 1, 1, 1, 2, 1, 1, 1, 1, 1, 0, 1, 1, 1, 1, 1, 0, 0, 0, 0, 1, 1, 0, 1, 0, 1, 1, 2, 1, 1, 0, 1, 1, 1, 0, 1, 0, 1, 1, 1, 1, 1, 1, 1, 2, 2, 2, 1, 2, 1, 2, 0, 3, 0, 3, 0, 0, 0, 3, 3, 3, 3, 3, 3, 3, 2, 3, 2, 3, 3, 3, 2, 2, 3, 3, 2, 2]",180,1991,"[1, 0, 0, 0, 0, 1, 0, 1, 1, 1, 1, 1, 1, 2, 1, 1, 1, 1, 1, 0, 1, 1, 1, 1, 1, 0, 0, 0, 0, 1, 1, 0, 1, 0, 1, 1, 2, 1, 1, 0, 1, 1, 1, 0, 1, 0, 1, 1, 1, 1, 1, 1, 1, 2, 2, 2, 1, 2, 1, 2, 0, 3, 0, 3, 0, 0, 0, 3, 3, 3, 3, 3, 3, 3, 2, 3, 2, 3, 3, 3, 2, 2, 3, 3, 2, 2]",213,5810,"[1, 0, 0, 0, 0, 1, 0, 1, 1, 1, 1, 1, 1, 2, 1, 1, 1, 1, 1, 0, 1, 1, 1, 1, 1, 0, 0, 0, 0, 1, 1, 0, 1, 0, 1, 1, 2, 1, 1, 0, 1, 1, 1, 0, 1, 0, 1, 1, 1, 1, 1, 1, 1, 2, 2, 2, 1, 2, 1, 2, 0, 3, 3, 3, 2, 3, 3, 3, 3, 3, 2, 3, 3, 3, 3, 3, 3, 3]",180,2590,"[1, 0, 0, 0, 0, 1, 0, 1, 1, 1, 1, 1, 2, 1, 1, 1, 1, 1, 1, 0, 1, 1, 1, 1, 1, 0, 0, 0, 0, 1, 1, 0, 1, 0, 1, 1, 2, 1, 1, 0, 1, 1, 1, 0, 1, 0, 1, 1, 1, 1, 1, 1, 1, 2, 2, 2, 1, 2, 1, 2, 0, 3, 0, 3, 0, 0, 0, 3, 3, 3, 3, 3, 3, 3, 2, 3, 2, 3, 3, 3, 2, 2, 3, 3, 2, 2]",180,2690,"[1, 0, 0, 0, 0, 1, 0, 1, 1, 1, 1, 1, 2, 1, 1, 1, 1, 1, 1, 0, 1, 1, 1, 1, 1, 0, 0, 0, 0, 1, 1, 0, 1, 0, 1, 1, 2, 1, 1, 0, 1, 1, 1, 0, 1, 0, 1, 1, 1, 1, 1, 1, 1, 2, 2, 2, 1, 2, 1, 2, 0, 3, 0, 3, 0, 0, 0, 3, 3, 3, 3, 3, 3, 3, 2, 3, 2, 3, 3, 3, 2, 2, 3, 3, 2, 2]",180,2690,"[1, 0, 0, 0, 0, 1, 0, 1, 1, 1, 1, 1, 2, 1, 1, 1, 1, 1, 1, 0, 1, 1, 1, 1, 1, 0, 0, 0, 0, 1, 1, 0, 1, 0, 1, 1, 2, 1, 1, 0, 1, 1, 1, 0, 1, 0, 1, 1, 1, 1, 1, 1, 1, 2, 2, 2, 1, 2, 1, 2, 0, 3, 0, 3, 0, 0, 0, 3, 3, 3, 3, 3, 3, 3, 2, 3, 2, 3, 3, 3, 2, 2, 3, 3, 2, 2]",180,2690,"[1, 0, 0, 0, 0, 1, 0, 1, 1, 1, 1, 1, 2, 1, 1, 1, 1, 1, 1, 0, 1, 1, 1, 1, 1, 0, 0, 0, 0, 1, 1, 0, 1, 0, 1, 1, 2, 1, 1, 0, 1, 1, 1, 0, 1, 0, 1, 1, 1, 1, 1, 1, 1, 2, 2, 2, 1, 2, 1, 2, 0, 3, 0, 3, 0, 0, 0, 3, 3, 3, 3, 3, 3, 3, 2, 3, 2, 3, 3, 3, 2, 2, 3, 3, 2, 2]",180,2690,"[1, 0, 0, 0, 0, 1, 0, 1, 1, 1, 1, 1, 2, 1, 1, 1, 1, 1, 1, 0, 1, 1, 1, 1, 1, 0, 0, 0, 0, 1, 1, 0, 1, 0, 1, 1, 2, 1, 1, 0, 1, 1, 1, 0, 1, 0, 1, 1, 1, 1, 1, 1, 1, 2, 2, 2, 1, 2, 1, 2, 0, 3, 0, 3, 0, 0, 0, 3, 3, 3, 3, 3, 3, 3, 2, 3, 2, 3, 3, 3, 2, 2, 3, 3, 2, 2]"
,,,,,,,,,,,,,,,,,,,,,,,,,,,,,,,,,
45x35,350,4347,"[1, 1, 1, 0, 1, 1, 1, 1, 1, 1, 1, 0, 0, 0, 1, 1, 1, 1, 1, 1, 2, 2, 1, 1, 1, 1, 1, 1, 2, 1, 1, 0, 1, 1, 1, 1, 1, 1, 1, 2, 0, 0, 0, 0, 3, 0, 0, 0, 0, 3, 0, 0, 0, 3, 3, 0, 0, 0, 0, 0, 0, 0, 0, 0, 3, 0, 3, 3, 0, 0, 0, 0, 0, 0, 0, 3, 3, 3, 3, 3, 3, 0, 3, 3, 3, 3, 3, 3, 3, 0]",220,3559,"[0, 0, 1, 1, 1, 0, 0, 0, 1, 1, 0, 0, 1, 1, 1, 1, 1, 1, 1, 1, 1, 1, 1, 1, 1, 1, 2, 1, 1, 1, 1, 1, 1, 2, 2, 2, 2, 1, 1, 1, 1, 1, 2, 1, 3, 0, 3, 3, 3, 3, 3, 0, 0, 0, 0, 3, 0, 0, 0, 0, 0, 3, 0, 0, 0, 3, 3, 0, 0, 0, 3, 0, 3, 3, 3, 0, 3, 0, 3, 0, 0, 1, 0, 1, 0, 1, 0, 1, 0, 0, 0, 0, 3, 0, 3, 3, 2, 3, 3, 3, 3, 3, 0, 0]",220,3487,"[0, 0, 1, 1, 1, 0, 0, 0, 1, 1, 0, 0, 1, 1, 1, 1, 1, 1, 1, 1, 1, 1, 1, 1, 1, 1, 2, 1, 1, 1, 1, 1, 1, 2, 2, 2, 2, 1, 1, 1, 1, 1, 2, 1, 3, 0, 3, 3, 3, 3, 3, 0, 0, 0, 0, 3, 0, 0, 0, 0, 0, 3, 0, 0, 0, 3, 3, 0, 0, 0, 3, 0, 3, 3, 3, 0, 3, 0, 3, 0, 0, 1, 0, 1, 0, 1, 0, 1, 0, 0, 0, 0, 3, 0, 3, 3, 2, 3, 3, 3, 3, 3, 0, 0]",220,3282,"[0, 0, 1, 1, 1, 0, 0, 0, 1, 1, 0, 0, 1, 1, 1, 1, 1, 1, 1, 1, 1, 1, 1, 1, 1, 1, 2, 1, 1, 1, 1, 1, 1, 2, 2, 2, 2, 1, 1, 1, 1, 1, 2, 1, 3, 0, 3, 3, 3, 3, 3, 0, 0, 0, 0, 3, 0, 0, 0, 0, 0, 3, 0, 0, 0, 3, 3, 0, 0, 0, 3, 0, 3, 3, 3, 0, 3, 0, 3, 0, 0, 1, 0, 1, 0, 1, 0, 1, 0, 0, 0, 0, 3, 0, 3, 3, 2, 3, 3, 3, 3, 3, 0, 0]",221,3125,"[0, 0, 1, 1, 1, 0, 0, 0, 1, 1, 0, 0, 1, 1, 1, 1, 1, 1, 1, 1, 1, 1, 1, 1, 1, 1, 2, 1, 1, 1, 1, 1, 1, 2, 2, 2, 2, 1, 1, 1, 1, 1, 2, 1, 3, 0, 3, 3, 3, 3, 3, 0, 0, 0, 0, 3, 0, 0, 0, 0, 0, 3, 0, 0, 0, 3, 3, 0, 0, 0, 3, 0, 3, 3, 3, 0, 3, 0, 3, 0, 0, 1, 0, 1, 0, 1, 0, 1, 0, 0, 0, 0, 3, 0, 3, 3, 2, 3, 3, 3, 0, 3, 3, 0]",245,12555,"[1, 1, 1, 1, 0, 1, 1, 0, 0, 0, 0, 0, 0, 1, 1, 1, 1, 1, 1, 1, 1, 1, 1, 1, 1, 1, 2, 1, 1, 1, 1, 1, 1, 2, 2, 2, 2, 1, 1, 1, 1, 1, 2, 1, 3, 0, 3, 3, 3, 3, 3, 0, 0, 0, 0, 3, 0, 0, 0, 0, 0, 3, 0, 0, 0, 3, 3, 0, 0, 0, 3, 0, 3, 3, 3, 0, 0, 0, 1, 0, 0, 0, 0, 1, 0, 0, 0, 0, 3, 0, 3, 3, 3, 0, 3, 3, 0, 3, 3, 2]",220,3590,"[0, 0, 1, 1, 1, 0, 0, 0, 1, 1, 0, 0, 1, 1, 1, 1, 1, 1, 1, 1, 1, 1, 1, 1, 2, 1, 1, 1, 1, 1, 1, 1, 1, 2, 2, 2, 2, 1, 1, 1, 1, 1, 2, 1, 3, 0, 3, 3, 3, 3, 3, 0, 0, 0, 0, 3, 0, 0, 3, 0, 0, 0, 0, 0, 0, 3, 3, 0, 0, 0, 3, 0, 3, 3, 3, 0, 3, 0, 3, 0, 0, 1, 0, 1, 0, 1, 1, 0, 0, 0, 0, 0, 3, 0, 3, 3, 2, 3, 3, 3, 3, 3, 0, 0]",220,3592,"[0, 0, 1, 1, 1, 0, 0, 0, 1, 1, 0, 0, 1, 1, 1, 1, 1, 1, 1, 1, 1, 1, 1, 1, 2, 1, 1, 1, 1, 1, 1, 1, 1, 2, 2, 2, 2, 1, 1, 1, 1, 1, 2, 1, 3, 0, 3, 3, 3, 3, 3, 0, 0, 0, 0, 3, 0, 0, 3, 0, 0, 0, 0, 0, 0, 3, 3, 0, 0, 0, 3, 0, 3, 3, 3, 0, 3, 0, 3, 0, 0, 1, 0, 1, 0, 1, 1, 0, 0, 0, 0, 0, 3, 0, 3, 3, 2, 3, 3, 3, 3, 3, 0, 0]",220,3592,"[0, 0, 1, 1, 1, 0, 0, 0, 1, 1, 0, 0, 1, 1, 1, 1, 1, 1, 1, 1, 1, 1, 1, 1, 2, 1, 1, 1, 1, 1, 1, 1, 1, 2, 2, 2, 2, 1, 1, 1, 1, 1, 2, 1, 3, 0, 3, 3, 3, 3, 3, 0, 0, 0, 0, 3, 0, 0, 3, 0, 0, 0, 0, 0, 0, 3, 3, 0, 0, 0, 3, 0, 3, 3, 3, 0, 3, 0, 3, 0, 0, 1, 0, 1, 0, 1, 1, 0, 0, 0, 0, 0, 3, 0, 3, 3, 2, 3, 3, 3, 3, 3, 0, 0]",220,3592,"[0, 0, 1, 1, 1, 0, 0, 0, 1, 1, 0, 0, 1, 1, 1, 1, 1, 1, 1, 1, 1, 1, 1, 1, 2, 1, 1, 1, 1, 1, 1, 1, 1, 2, 2, 2, 2, 1, 1, 1, 1, 1, 2, 1, 3, 0, 3, 3, 3, 3, 3, 0, 0, 0, 0, 3, 0, 0, 3, 0, 0, 0, 0, 0, 0, 3, 3, 0, 0, 0, 3, 0, 3, 3, 3, 0, 3, 0, 3, 0, 0, 1, 0, 1, 0, 1, 1, 0, 0, 0, 0, 0, 3, 0, 3, 3, 2, 3, 3, 3, 3, 3, 0, 0]",220,3592,"[0, 0, 1, 1, 1, 0, 0, 0, 1, 1, 0, 0, 1, 1, 1, 1, 1, 1, 1, 1, 1, 1, 1, 1, 2, 1, 1, 1, 1, 1, 1, 1, 1, 2, 2, 2, 2, 1, 1, 1, 1, 1, 2, 1, 3, 0, 3, 3, 3, 3, 3, 0, 0, 0, 0, 3, 0, 0, 3, 0, 0, 0, 0, 0, 0, 3, 3, 0, 0, 0, 3, 0, 3, 3, 3, 0, 3, 0, 3, 0, 0, 1, 0, 1, 0, 1, 1, 0, 0, 0, 0, 0, 3, 0, 3, 3, 2, 3, 3, 3, 3, 3, 0, 0]"
,,,,,,,,,,,,,,,,,,,,,,,,,,,,,,,,,
21x35,0,0,[],0,0,[],0,0,[],0,0,[],0,0,[],0,0,[],0,0,[],0,0,[],0,0,[],0,0,[],0,0,[]
,,,,,,,,,,,,,,,,,,,,,,,,,,,,,,,,,
19x41,3194,1870,"[1, 1, 1, 1, 1, 1, 1, 1, 1, 1, 1, 1, 1, 1, 1, 1, 1, 1, 1, 1, 1, 1, 1, 1, 1, 1, 1, 1, 1, 1, 1, 0, 0, 3, 3, 3, 3, 3, 3, 3, 3, 3, 3, 3, 3, 3, 3, 3, 3, 3, 3, 3, 3, 3, 0, 0, 1, 1, 1, 1, 1, 1, 1, 1, 1, 1, 1, 1, 1, 1, 1, 1, 1, 1, 1, 1, 1, 0, 0, 0, 0, 3, 3, 3, 3, 3, 3, 3, 3, 3, 3, 0, 0, 1, 1, 1, 1, 1, 1, 1, 1, 1, 1, 0, 0, 3, 3, 3, 3, 3, 3, 3, 3, 3, 3, 3, 3, 3, 3, 3, 0, 0, 1, 1, 1, 1, 1, 1, 1, 1, 1, 1, 1, 1, 1, 1, 1, 0, 1, 1, 2, 2, 2, 2, 1, 2, 2, 1, 2, 2, 1, 1, 1, 1, 1, 2, 2, 2, 2, 2, 2, 2, 1, 1, 1, 1, 1, 1, 1, 1, 1, 1, 1, 1, 1, 1, 1, 1, 1, 1, 1, 1, 1, 1, 1, 1, 1, 1, 1, 1, 1, 1, 1, 1, 0, 0, 3, 3, 3, 3, 3, 3, 3, 3, 3, 3, 3, 3, 3, 3, 3, 3, 3, 3, 3, 3, 3, 0, 0, 1, 1, 1, 1, 1, 1, 1, 1, 1, 1, 1, 1, 1, 1, 1, 1, 1, 1, 1, 1, 1, 0, 0, 0, 0, 3, 3, 3, 3, 3, 3, 3, 3, 3, 3, 0, 0, 1, 1, 1, 1, 1, 1, 1, 1, 1, 1, 0, 0, 3, 3, 3, 3, 3, 3, 3, 3, 3, 3, 3, 3, 3, 3, 3, 0, 0, 1, 1, 1, 1, 1, 1, 1, 1, 1, 1, 1, 1, 1, 1, 1, 1, 1, 2, 2, 2, 1, 2, 2, 1, 2, 2, 1, 1, 0, 1, 1, 0, 0, 0, 0, 0, 0, 3, 1, 1, 2, 2, 2, 2, 2, 2, 2, 2, 2, 2, 2, 2, 2, 2]",3131,1015,"[1, 1, 1, 1, 1, 1, 1, 1, 1, 1, 1, 1, 1, 1, 1, 1, 1, 1, 1, 1, 1, 1, 1, 1, 1, 1, 1, 1, 1, 1, 1, 0, 0, 3, 3, 3, 3, 3, 3, 3, 3, 3, 3, 3, 3, 3, 3, 3, 3, 3, 3, 3, 3, 3, 0, 0, 1, 1, 1, 1, 1, 1, 1, 1, 1, 1, 1, 1, 1, 1, 1, 1, 1, 1, 1, 1, 1, 0, 0, 0, 0, 3, 3, 3, 3, 3, 3, 3, 3, 3, 3, 0, 0, 1, 1, 1, 1, 1, 1, 1, 1, 1, 1, 0, 0, 3, 3, 3, 3, 3, 3, 3, 3, 3, 3, 3, 3, 3, 3, 3, 0, 0, 1, 1, 1, 1, 1, 1, 1, 1, 1, 1, 1, 1, 1, 1, 1, 0, 1, 1, 2, 2, 2, 2, 2, 2, 2, 1, 1, 2, 1, 1, 1, 1, 2, 2, 2, 2, 1, 2, 2, 2, 1, 1, 1, 1, 1, 1, 1, 1, 1, 1, 1, 1, 1, 1, 1, 1, 1, 1, 1, 1, 1, 1, 1, 1, 1, 1, 1, 1, 1, 1, 1, 1, 0, 0, 3, 3, 3, 3, 3, 3, 3, 3, 3, 3, 3, 3, 3, 3, 3, 3, 3, 3, 3, 3, 3, 0, 0, 1, 1, 1, 1, 1, 1, 1, 1, 1, 1, 1, 1, 1, 1, 1, 1, 1, 1, 1, 1, 1, 0, 0, 0, 0, 3, 3, 3, 3, 3, 3, 3, 3, 3, 3, 0, 0, 1, 1, 1, 1, 1, 1, 1, 1, 1, 1, 0, 0, 3, 3, 3, 3, 3, 3, 3, 3, 3, 3, 3, 3, 3, 3, 3, 0, 0, 1, 1, 1, 1, 1, 1, 1, 1, 1, 1, 1, 1, 1, 1, 1, 1, 1, 2, 2, 2, 2, 2, 2, 2, 1, 1, 1, 1, 1, 1, 0, 0, 0, 0, 0, 0, 0, 3, 1, 2, 2, 2, 2, 2, 2, 2, 2, 2, 2, 2, 1, 2, 2, 2]",3131,1015,"[1, 1, 1, 1, 1, 1, 1, 1, 1, 1, 1, 1, 1, 1, 1, 1, 1, 1, 1, 1, 1, 1, 1, 1, 1, 1, 1, 1, 1, 1, 1, 0, 0, 3, 3, 3, 3, 3, 3, 3, 3, 3, 3, 3, 3, 3, 3, 3, 3, 3, 3, 3, 3, 3, 0, 0, 1, 1, 1, 1, 1, 1, 1, 1, 1, 1, 1, 1, 1, 1, 1, 1, 1, 1, 1, 1, 1, 0, 0, 0, 0, 3, 3, 3, 3, 3, 3, 3, 3, 3, 3, 0, 0, 1, 1, 1, 1, 1, 1, 1, 1, 1, 1, 0, 0, 3, 3, 3, 3, 3, 3, 3, 3, 3, 3, 3, 3, 3, 3, 3, 0, 0, 1, 1, 1, 1, 1, 1, 1, 1, 1, 1, 1, 1, 1, 1, 1, 0, 1, 1, 2, 2, 2, 2, 2, 2, 2, 1, 1, 2, 1, 1, 1, 1, 2, 2, 2, 2, 1, 2, 2, 2, 1, 1, 1, 1, 1, 1, 1, 1, 1, 1, 1, 1, 1, 1, 1, 1, 1, 1, 1, 1, 1, 1, 1, 1, 1, 1, 1, 1, 1, 1, 1, 1, 0, 0, 3, 3, 3, 3, 3, 3, 3, 3, 3, 3, 3, 3, 3, 3, 3, 3, 3, 3, 3, 3, 3, 0, 0, 1, 1, 1, 1, 1, 1, 1, 1, 1, 1, 1, 1, 1, 1, 1, 1, 1, 1, 1, 1, 1, 0, 0, 0, 0, 3, 3, 3, 3, 3, 3, 3, 3, 3, 3, 0, 0, 1, 1, 1, 1, 1, 1, 1, 1, 1, 1, 0, 0, 3, 3, 3, 3, 3, 3, 3, 3, 3, 3, 3, 3, 3, 3, 3, 0, 0, 1, 1, 1, 1, 1, 1, 1, 1, 1, 1, 1, 1, 1, 1, 1, 1, 1, 2, 2, 2, 2, 2, 2, 2, 1, 1, 1, 1, 1, 1, 0, 0, 0, 0, 0, 0, 0, 3, 1, 2, 2, 2, 2, 2, 2, 2, 2, 2, 2, 2, 1, 2, 2, 2]",3131,1014,"[1, 1, 1, 1, 1, 1, 1, 1, 1, 1, 1, 1, 1, 1, 1, 1, 1, 1, 1, 1, 1, 1, 1, 1, 1, 1, 1, 1, 1, 1, 1, 0, 0, 3, 3, 3, 3, 3, 3, 3, 3, 3, 3, 3, 3, 3, 3, 3, 3, 3, 3, 3, 3, 3, 0, 0, 1, 1, 1, 1, 1, 1, 1, 1, 1, 1, 1, 1, 1, 1, 1, 1, 1, 1, 1, 1, 1, 0, 0, 0, 0, 3, 3, 3, 3, 3, 3, 3, 3, 3, 3, 0, 0, 1, 1, 1, 1, 1, 1, 1, 1, 1, 1, 0, 0, 3, 3, 3, 3, 3, 3, 3, 3, 3, 3, 3, 3, 3, 3, 3, 0, 0, 1, 1, 1, 1, 1, 1, 1, 1, 1, 1, 1, 1, 1, 1, 1, 0, 1, 1, 2, 2, 2, 2, 2, 2, 2, 1, 1, 2, 1, 1, 1, 1, 2, 2, 2, 2, 1, 2, 2, 2, 1, 1, 1, 1, 1, 1, 1, 1, 1, 1, 1, 1, 1, 1, 1, 1, 1, 1, 1, 1, 1, 1, 1, 1, 1, 1, 1, 1, 1, 1, 1, 1, 0, 0, 3, 3, 3, 3, 3, 3, 3, 3, 3, 3, 3, 3, 3, 3, 3, 3, 3, 3, 3, 3, 3, 0, 0, 1, 1, 1, 1, 1, 1, 1, 1, 1, 1, 1, 1, 1, 1, 1, 1, 1, 1, 1, 1, 1, 0, 0, 0, 0, 3, 3, 3, 3, 3, 3, 3, 3, 3, 3, 0, 0, 1, 1, 1, 1, 1, 1, 1, 1, 1, 1, 0, 0, 3, 3, 3, 3, 3, 3, 3, 3, 3, 3, 3, 3, 3, 3, 3, 0, 0, 1, 1, 1, 1, 1, 1, 1, 1, 1, 1, 1, 1, 1, 1, 1, 1, 1, 2, 2, 2, 2, 2, 2, 2, 1, 1, 1, 1, 1, 1, 0, 0, 0, 0, 0, 0, 0, 3, 1, 2, 2, 2, 2, 2, 2, 2, 2, 2, 2, 2, 1, 2, 2, 2]",3131,1010,"[1, 1, 1, 1, 1, 1, 1, 1, 1, 1, 1, 1, 1, 1, 1, 1, 1, 1, 1, 1, 1, 1, 1, 1, 1, 1, 1, 1, 1, 1, 1, 0, 0, 3, 3, 3, 3, 3, 3, 3, 3, 3, 3, 3, 3, 3, 3, 3, 3, 3, 3, 3, 3, 3, 0, 0, 1, 1, 1, 1, 1, 1, 1, 1, 1, 1, 1, 1, 1, 1, 1, 1, 1, 1, 1, 1, 1, 0, 0, 0, 0, 3, 3, 3, 3, 3, 3, 3, 3, 3, 3, 0, 0, 1, 1, 1, 1, 1, 1, 1, 1, 1, 1, 0, 0, 3, 3, 3, 3, 3, 3, 3, 3, 3, 3, 3, 3, 3, 3, 3, 0, 0, 1, 1, 1, 1, 1, 1, 1, 1, 1, 1, 1, 1, 1, 1, 1, 0, 1, 1, 2, 2, 2, 2, 2, 2, 2, 1, 1, 2, 1, 1, 1, 1, 2, 2, 2, 2, 1, 2, 2, 2, 1, 1, 1, 1, 1, 1, 1, 1, 1, 1, 1, 1, 1, 1, 1, 1, 1, 1, 1, 1, 1, 1, 1, 1, 1, 1, 1, 1, 1, 1, 1, 1, 0, 0, 3, 3, 3, 3, 3, 3, 3, 3, 3, 3, 3, 3, 3, 3, 3, 3, 3, 3, 3, 3, 3, 0, 0, 1, 1, 1, 1, 1, 1, 1, 1, 1, 1, 1, 1, 1, 1, 1, 1, 1, 1, 1, 1, 1, 0, 0, 0, 0, 3, 3, 3, 3, 3, 3, 3, 3, 3, 3, 0, 0, 1, 1, 1, 1, 1, 1, 1, 1, 1, 1, 0, 0, 3, 3, 3, 3, 3, 3, 3, 3, 3, 3, 3, 3, 3, 3, 3, 0, 0, 1, 1, 1, 1, 1, 1, 1, 1, 1, 1, 1, 1, 1, 1, 1, 1, 1, 2, 2, 2, 2, 2, 2, 2, 1, 1, 1, 1, 1, 1, 0, 0, 0, 0, 0, 0, 0, 3, 1, 2, 2, 2, 2, 2, 2, 2, 2, 2, 2, 2, 1, 2, 2, 2]",3161,1002,"[1, 1, 1, 1, 1, 1, 1, 1, 1, 1, 1, 1, 1, 1, 1, 1, 1, 1, 1, 1, 1, 1, 1, 1, 1, 1, 1, 1, 1, 1, 1, 0, 0, 3, 3, 3, 3, 3, 3, 3, 3, 3, 3, 3, 3, 3, 3, 3, 3, 3, 3, 3, 3, 3, 0, 0, 1, 1, 1, 1, 1, 1, 1, 1, 1, 1, 1, 1, 1, 1, 1, 1, 1, 1, 1, 1, 1, 0, 0, 0, 0, 3, 3, 3, 3, 3, 3, 3, 3, 3, 3, 0, 0, 1, 1, 1, 1, 1, 1, 1, 1, 1, 1, 0, 0, 3, 3, 3, 3, 3, 3, 3, 3, 3, 3, 3, 3, 3, 3, 3, 0, 0, 1, 1, 1, 1, 1, 1, 1, 1, 1, 1, 1, 1, 1, 1, 1, 0, 1, 1, 2, 2, 2, 2, 2, 2, 2, 1, 1, 2, 1, 1, 1, 1, 2, 2, 2, 2, 1, 2, 2, 2, 1, 1, 1, 1, 1, 1, 1, 1, 1, 1, 1, 1, 1, 1, 1, 1, 1, 1, 1, 1, 1, 1, 1, 1, 1, 1, 1, 1, 1, 1, 1, 1, 0, 0, 3, 3, 3, 3, 3, 3, 3, 3, 3, 3, 3, 3, 3, 3, 3, 3, 3, 3, 3, 3, 3, 0, 0, 1, 1, 1, 1, 1, 1, 1, 1, 1, 1, 1, 1, 1, 1, 1, 1, 1, 1, 1, 1, 1, 0, 0, 0, 0, 3, 3, 3, 3, 3, 3, 3, 3, 3, 3, 0, 0, 1, 1, 1, 1, 1, 1, 1, 1, 1, 1, 0, 0, 3, 3, 3, 3, 3, 3, 3, 3, 3, 3, 3, 3, 3, 3, 3, 0, 0, 1, 1, 1, 1, 1, 1, 1, 1, 1, 1, 1, 1, 1, 1, 1, 1, 1, 2, 2, 2, 2, 2, 2, 2, 1, 1, 1, 1, 1, 1, 0, 0, 0, 0, 0, 0, 0, 3, 1, 1, 2, 2, 2, 2, 2, 2, 2, 2, 2, 2, 2, 2, 2, 2]",3131,1015,"[1, 1, 1, 1, 1, 1, 1, 1, 1, 1, 1, 1, 1, 1, 1, 1, 1, 1, 1, 1, 1, 1, 1, 1, 1, 1, 1, 1, 1, 1, 1, 0, 0, 3, 3, 3, 3, 3, 3, 3, 3, 3, 3, 3, 3, 3, 3, 3, 3, 3, 3, 3, 3, 3, 0, 0, 1, 1, 1, 1, 1, 1, 1, 1, 1, 1, 1, 1, 1, 1, 1, 1, 1, 1, 1, 1, 1, 0, 0, 0, 0, 3, 3, 3, 3, 3, 3, 3, 3, 3, 3, 0, 0, 1, 1, 1, 1, 1, 1, 1, 1, 1, 1, 0, 0, 3, 3, 3, 3, 3, 3, 3, 3, 3, 3, 3, 3, 3, 3, 3, 0, 0, 1, 1, 1, 1, 1, 1, 1, 1, 1, 1, 1, 1, 1, 1, 1, 0, 1, 1, 2, 2, 2, 2, 2, 2, 2, 2, 1, 1, 1, 1, 1, 1, 2, 2, 2, 2, 1, 2, 2, 2, 1, 1, 1, 1, 1, 1, 1, 1, 1, 1, 1, 1, 1, 1, 1, 1, 1, 1, 1, 1, 1, 1, 1, 1, 1, 1, 1, 1, 1, 1, 1, 1, 0, 0, 3, 3, 3, 3, 3, 3, 3, 3, 3, 3, 3, 3, 3, 3, 3, 3, 3, 3, 3, 3, 3, 0, 0, 1, 1, 1, 1, 1, 1, 1, 1, 1, 1, 1, 1, 1, 1, 1, 1, 1, 1, 1, 1, 1, 0, 0, 0, 0, 3, 3, 3, 3, 3, 3, 3, 3, 3, 3, 0, 0, 1, 1, 1, 1, 1, 1, 1, 1, 1, 1, 0, 0, 3, 3, 3, 3, 3, 3, 3, 3, 3, 3, 3, 3, 3, 3, 3, 0, 0, 1, 1, 1, 1, 1, 1, 1, 1, 1, 1, 1, 1, 1, 1, 1, 1, 1, 2, 2, 2, 2, 2, 2, 2, 1, 1, 1, 1, 1, 1, 0, 0, 0, 0, 0, 0, 0, 3, 1, 2, 2, 2, 2, 2, 2, 2, 2, 2, 2, 2, 1, 2, 2, 2]",3131,1015,"[1, 1, 1, 1, 1, 1, 1, 1, 1, 1, 1, 1, 1, 1, 1, 1, 1, 1, 1, 1, 1, 1, 1, 1, 1, 1, 1, 1, 1, 1, 1, 0, 0, 3, 3, 3, 3, 3, 3, 3, 3, 3, 3, 3, 3, 3, 3, 3, 3, 3, 3, 3, 3, 3, 0, 0, 1, 1, 1, 1, 1, 1, 1, 1, 1, 1, 1, 1, 1, 1, 1, 1, 1, 1, 1, 1, 1, 0, 0, 0, 0, 3, 3, 3, 3, 3, 3, 3, 3, 3, 3, 0, 0, 1, 1, 1, 1, 1, 1, 1, 1, 1, 1, 0, 0, 3, 3, 3, 3, 3, 3, 3, 3, 3, 3, 3, 3, 3, 3, 3, 0, 0, 1, 1, 1, 1, 1, 1, 1, 1, 1, 1, 1, 1, 1, 1, 1, 0, 1, 1, 2, 2, 2, 2, 2, 2, 2, 2, 1, 1, 1, 1, 1, 1, 2, 2, 2, 2, 1, 2, 2, 2, 1, 1, 1, 1, 1, 1, 1, 1, 1, 1, 1, 1, 1, 1, 1, 1, 1, 1, 1, 1, 1, 1, 1, 1, 1, 1, 1, 1, 1, 1, 1, 1, 0, 0, 3, 3, 3, 3, 3, 3, 3, 3, 3, 3, 3, 3, 3, 3, 3, 3, 3, 3, 3, 3, 3, 0, 0, 1, 1, 1, 1, 1, 1, 1, 1, 1, 1, 1, 1, 1, 1, 1, 1, 1, 1, 1, 1, 1, 0, 0, 0, 0, 3, 3, 3, 3, 3, 3, 3, 3, 3, 3, 0, 0, 1, 1, 1, 1, 1, 1, 1, 1, 1, 1, 0, 0, 3, 3, 3, 3, 3, 3, 3, 3, 3, 3, 3, 3, 3, 3, 3, 0, 0, 1, 1, 1, 1, 1, 1, 1, 1, 1, 1, 1, 1, 1, 1, 1, 1, 1, 2, 2, 2, 2, 2, 2, 2, 1, 1, 1, 1, 1, 1, 0, 0, 0, 0, 0, 0, 0, 3, 1, 2, 2, 2, 2, 2, 2, 2, 2, 2, 2, 2, 1, 2, 2, 2]",3131,1015,"[1, 1, 1, 1, 1, 1, 1, 1, 1, 1, 1, 1, 1, 1, 1, 1, 1, 1, 1, 1, 1, 1, 1, 1, 1, 1, 1, 1, 1, 1, 1, 0, 0, 3, 3, 3, 3, 3, 3, 3, 3, 3, 3, 3, 3, 3, 3, 3, 3, 3, 3, 3, 3, 3, 0, 0, 1, 1, 1, 1, 1, 1, 1, 1, 1, 1, 1, 1, 1, 1, 1, 1, 1, 1, 1, 1, 1, 0, 0, 0, 0, 3, 3, 3, 3, 3, 3, 3, 3, 3, 3, 0, 0, 1, 1, 1, 1, 1, 1, 1, 1, 1, 1, 0, 0, 3, 3, 3, 3, 3, 3, 3, 3, 3, 3, 3, 3, 3, 3, 3, 0, 0, 1, 1, 1, 1, 1, 1, 1, 1, 1, 1, 1, 1, 1, 1, 1, 0, 1, 1, 2, 2, 2, 2, 2, 2, 2, 2, 1, 1, 1, 1, 1, 1, 2, 2, 2, 2, 1, 2, 2, 2, 1, 1, 1, 1, 1, 1, 1, 1, 1, 1, 1, 1, 1, 1, 1, 1, 1, 1, 1, 1, 1, 1, 1, 1, 1, 1, 1, 1, 1, 1, 1, 1, 0, 0, 3, 3, 3, 3, 3, 3, 3, 3, 3, 3, 3, 3, 3, 3, 3, 3, 3, 3, 3, 3, 3, 0, 0, 1, 1, 1, 1, 1, 1, 1, 1, 1, 1, 1, 1, 1, 1, 1, 1, 1, 1, 1, 1, 1, 0, 0, 0, 0, 3, 3, 3, 3, 3, 3, 3, 3, 3, 3, 0, 0, 1, 1, 1, 1, 1, 1, 1, 1, 1, 1, 0, 0, 3, 3, 3, 3, 3, 3, 3, 3, 3, 3, 3, 3, 3, 3, 3, 0, 0, 1, 1, 1, 1, 1, 1, 1, 1, 1, 1, 1, 1, 1, 1, 1, 1, 1, 2, 2, 2, 2, 2, 2, 2, 1, 1, 1, 1, 1, 1, 0, 0, 0, 0, 0, 0, 0, 3, 1, 2, 2, 2, 2, 2, 2, 2, 2, 2, 2, 2, 1, 2, 2, 2]",3131,1015,"[1, 1, 1, 1, 1, 1, 1, 1, 1, 1, 1, 1, 1, 1, 1, 1, 1, 1, 1, 1, 1, 1, 1, 1, 1, 1, 1, 1, 1, 1, 1, 0, 0, 3, 3, 3, 3, 3, 3, 3, 3, 3, 3, 3, 3, 3, 3, 3, 3, 3, 3, 3, 3, 3, 0, 0, 1, 1, 1, 1, 1, 1, 1, 1, 1, 1, 1, 1, 1, 1, 1, 1, 1, 1, 1, 1, 1, 0, 0, 0, 0, 3, 3, 3, 3, 3, 3, 3, 3, 3, 3, 0, 0, 1, 1, 1, 1, 1, 1, 1, 1, 1, 1, 0, 0, 3, 3, 3, 3, 3, 3, 3, 3, 3, 3, 3, 3, 3, 3, 3, 0, 0, 1, 1, 1, 1, 1, 1, 1, 1, 1, 1, 1, 1, 1, 1, 1, 0, 1, 1, 2, 2, 2, 2, 2, 2, 2, 2, 1, 1, 1, 1, 1, 1, 2, 2, 2, 2, 1, 2, 2, 2, 1, 1, 1, 1, 1, 1, 1, 1, 1, 1, 1, 1, 1, 1, 1, 1, 1, 1, 1, 1, 1, 1, 1, 1, 1, 1, 1, 1, 1, 1, 1, 1, 0, 0, 3, 3, 3, 3, 3, 3, 3, 3, 3, 3, 3, 3, 3, 3, 3, 3, 3, 3, 3, 3, 3, 0, 0, 1, 1, 1, 1, 1, 1, 1, 1, 1, 1, 1, 1, 1, 1, 1, 1, 1, 1, 1, 1, 1, 0, 0, 0, 0, 3, 3, 3, 3, 3, 3, 3, 3, 3, 3, 0, 0, 1, 1, 1, 1, 1, 1, 1, 1, 1, 1, 0, 0, 3, 3, 3, 3, 3, 3, 3, 3, 3, 3, 3, 3, 3, 3, 3, 0, 0, 1, 1, 1, 1, 1, 1, 1, 1, 1, 1, 1, 1, 1, 1, 1, 1, 1, 2, 2, 2, 2, 2, 2, 2, 1, 1, 1, 1, 1, 1, 0, 0, 0, 0, 0, 0, 0, 3, 1, 2, 2, 2, 2, 2, 2, 2, 2, 2, 2, 2, 1, 2, 2, 2]",3131,1015,"[1, 1, 1, 1, 1, 1, 1, 1, 1, 1, 1, 1, 1, 1, 1, 1, 1, 1, 1, 1, 1, 1, 1, 1, 1, 1, 1, 1, 1, 1, 1, 0, 0, 3, 3, 3, 3, 3, 3, 3, 3, 3, 3, 3, 3, 3, 3, 3, 3, 3, 3, 3, 3, 3, 0, 0, 1, 1, 1, 1, 1, 1, 1, 1, 1, 1, 1, 1, 1, 1, 1, 1, 1, 1, 1, 1, 1, 0, 0, 0, 0, 3, 3, 3, 3, 3, 3, 3, 3, 3, 3, 0, 0, 1, 1, 1, 1, 1, 1, 1, 1, 1, 1, 0, 0, 3, 3, 3, 3, 3, 3, 3, 3, 3, 3, 3, 3, 3, 3, 3, 0, 0, 1, 1, 1, 1, 1, 1, 1, 1, 1, 1, 1, 1, 1, 1, 1, 0, 1, 1, 2, 2, 2, 2, 2, 2, 2, 2, 1, 1, 1, 1, 1, 1, 2, 2, 2, 2, 1, 2, 2, 2, 1, 1, 1, 1, 1, 1, 1, 1, 1, 1, 1, 1, 1, 1, 1, 1, 1, 1, 1, 1, 1, 1, 1, 1, 1, 1, 1, 1, 1, 1, 1, 1, 0, 0, 3, 3, 3, 3, 3, 3, 3, 3, 3, 3, 3, 3, 3, 3, 3, 3, 3, 3, 3, 3, 3, 0, 0, 1, 1, 1, 1, 1, 1, 1, 1, 1, 1, 1, 1, 1, 1, 1, 1, 1, 1, 1, 1, 1, 0, 0, 0, 0, 3, 3, 3, 3, 3, 3, 3, 3, 3, 3, 0, 0, 1, 1, 1, 1, 1, 1, 1, 1, 1, 1, 0, 0, 3, 3, 3, 3, 3, 3, 3, 3, 3, 3, 3, 3, 3, 3, 3, 0, 0, 1, 1, 1, 1, 1, 1, 1, 1, 1, 1, 1, 1, 1, 1, 1, 1, 1, 2, 2, 2, 2, 2, 2, 2, 1, 1, 1, 1, 1, 1, 0, 0, 0, 0, 0, 0, 0, 3, 1, 2, 2, 2, 2, 2, 2, 2, 2, 2, 2, 2, 1, 2, 2, 2]"
,,,,,,,,,,,,,,,,,,,,,,,,,,,,,,,,,
138x192,782,40391,"[0, 1, 0, 0, 0, 0, 0, 0, 1, 1, 0, 1, 1, 1, 0, 0, 1, 1, 1, 1, 1, 1, 1, 1, 0, 0, 1, 1, 1, 1, 1, 1, 1, 1, 1, 1, 0, 0, 0, 1, 1, 1, 1, 1, 0, 1, 1, 1, 0, 0, 0, 0, 0, 1, 1, 1, 1, 1, 1, 1, 1, 1, 1, 1, 1, 0, 1, 1, 1, 0, 1, 1, 0, 1, 0, 1, 0, 0, 0, 0, 0, 1, 0, 0, 0, 1, 1, 1, 1, 1, 1, 1, 1, 1, 0, 0, 0, 1, 1, 0, 1, 1, 1, 1, 0, 1, 1, 0, 0, 1, 1, 1, 1, 0, 1, 1, 0, 0, 1, 0, 1, 0, 0, 0, 3, 0, 0, 0, 0, 0, 0, 0, 1, 1, 0, 0, 0, 0, 0, 0, 0, 3, 3, 0, 0, 0, 0, 0, 0, 0, 0, 0, 0, 0, 3, 3, 0, 0, 0, 0, 0, 0, 0, 0, 3, 0, 3, 0, 0, 0, 0, 3, 0, 3, 0, 0, 3, 0, 0, 3, 0, 0, 0, 3, 0, 3, 0, 0, 3, 0, 3, 3, 3, 3, 0, 3, 3, 3, 3, 3, 3, 3, 0, 3, 3, 3, 0, 3, 3, 0, 0, 0, 3, 3, 3]",505,32070,"[0, 1, 0, 1, 0, 1, 1, 0, 1, 1, 1, 0, 0, 0, 1, 0, 1, 0, 0, 0, 0, 0, 0, 1, 1, 1, 0, 0, 1, 0, 1, 0, 1, 1, 1, 1, 1, 0, 0, 1, 1, 0, 1, 1, 1, 1, 1, 0, 0, 1, 1, 1, 1, 1, 1, 1, 1, 1, 1, 0, 0, 0, 1, 1, 0, 0, 1, 0, 1, 0, 1, 0, 0, 0, 0, 0, 1, 1, 0, 1, 1, 1, 1, 1, 0, 1, 1, 2, 1, 1, 1, 0, 1, 0, 1, 1, 1, 0, 1, 1, 1, 1, 1, 1, 1, 0, 1, 1, 0, 0, 0, 1, 1, 1, 1, 0, 1, 1, 1, 2, 1, 2, 1, 2, 0, 3, 0, 3, 0, 3, 3, 3, 2, 3, 3, 3, 3, 0, 0, 0, 0, 3, 0, 0, 0, 0, 3, 0, 3, 0, 3, 0, 0, 1, 0, 0, 0, 0, 0, 3, 3, 3, 0, 0, 0, 0, 0, 0, 0, 0, 3, 3, 3, 0, 0, 0, 3, 0, 0, 0, 3, 0, 0, 0, 0, 1, 0, 0, 1, 0, 0, 0, 0, 0, 0, 1, 0, 1, 1, 0, 1, 1, 1, 1, 0, 0, 0, 0, 1, 0, 0, 1, 3, 0, 3, 3, 3, 0, 0, 3, 3, 0, 3, 3, 3, 3, 3, 3, 3, 0, 3, 3, 3, 3, 0, 0, 0, 0, 3, 3, 3]",505,29681,"[0, 1, 0, 1, 0, 1, 1, 0, 1, 1, 1, 0, 0, 0, 1, 0, 1, 0, 0, 0, 0, 0, 0, 1, 1, 1, 0, 0, 1, 0, 1, 0, 1, 1, 1, 1, 1, 0, 0, 1, 1, 0, 1, 1, 1, 1, 1, 0, 0, 1, 1, 1, 1, 1, 1, 1, 1, 1, 1, 0, 0, 0, 1, 1, 0, 0, 1, 0, 1, 0, 1, 0, 0, 0, 0, 0, 1, 1, 0, 1, 1, 1, 1, 1, 0, 1, 1, 2, 1, 1, 1, 0, 1, 0, 1, 1, 1, 0, 1, 1, 1, 1, 1, 1, 1, 0, 1, 1, 0, 0, 0, 1, 1, 1, 1, 0, 1, 1, 1, 2, 1, 2, 1, 2, 0, 3, 0, 3, 0, 3, 3, 3, 2, 3, 3, 3, 3, 0, 0, 0, 0, 3, 0, 0, 0, 0, 3, 0, 3, 0, 3, 0, 0, 1, 0, 0, 0, 0, 0, 3, 3, 3, 0, 0, 0, 0, 0, 0, 0, 0, 3, 3, 3, 0, 0, 0, 3, 0, 0, 0, 3, 0, 0, 0, 0, 1, 0, 0, 1, 0, 0, 0, 0, 0, 0, 1, 0, 1, 1, 0, 1, 1, 1, 1, 0, 0, 0, 0, 1, 0, 0, 1, 3, 0, 3, 3, 3, 0, 0, 3, 3, 0, 3, 3, 3, 3, 3, 3, 3, 0, 3, 3, 3, 3, 0, 0, 0, 0, 3, 3, 3]",505,26014,"[0, 1, 0, 1, 0, 1, 1, 0, 1, 1, 1, 0, 0, 0, 1, 0, 1, 0, 0, 0, 0, 0, 0, 1, 1, 1, 0, 0, 1, 0, 1, 0, 1, 1, 1, 1, 1, 0, 0, 1, 1, 0, 1, 1, 1, 1, 1, 0, 0, 1, 1, 1, 1, 1, 1, 1, 1, 1, 1, 0, 0, 0, 1, 1, 0, 0, 1, 0, 1, 0, 1, 0, 0, 0, 0, 0, 1, 1, 0, 1, 1, 1, 1, 1, 0, 1, 1, 2, 1, 1, 1, 0, 1, 0, 1, 1, 1, 0, 1, 1, 1, 1, 1, 1, 1, 0, 1, 1, 0, 0, 0, 1, 1, 1, 1, 0, 1, 1, 1, 2, 1, 2, 1, 2, 0, 3, 0, 3, 0, 3, 3, 3, 2, 3, 3, 3, 3, 0, 0, 0, 0, 3, 0, 0, 0, 0, 3, 0, 3, 0, 3, 0, 0, 1, 0, 0, 0, 0, 0, 3, 3, 3, 0, 0, 0, 0, 0, 0, 0, 0, 3, 3, 3, 0, 0, 0, 3, 0, 0, 0, 3, 0, 0, 0, 0, 1, 0, 0, 1, 0, 0, 0, 0, 0, 0, 1, 0, 1, 1, 0, 1, 1, 1, 1, 0, 0, 0, 0, 1, 0, 0, 1, 3, 0, 3, 3, 3, 0, 0, 3, 3, 0, 3, 3, 3, 3, 3, 3, 3, 0, 3, 3, 3, 3, 0, 0, 0, 0, 3, 3, 3]",505,23956,"[0, 1, 0, 1, 0, 1, 1, 0, 1, 1, 1, 0, 0, 0, 1, 0, 1, 0, 0, 0, 0, 0, 0, 1, 1, 1, 0, 0, 1, 0, 1, 0, 1, 1, 1, 1, 1, 0, 0, 1, 1, 0, 1, 1, 1, 1, 1, 0, 0, 1, 1, 1, 1, 1, 1, 1, 1, 1, 1, 0, 0, 0, 1, 1, 0, 0, 1, 0, 1, 0, 1, 0, 0, 0, 0, 0, 1, 1, 0, 1, 1, 1, 1, 1, 0, 1, 1, 2, 1, 1, 1, 0, 1, 0, 1, 1, 1, 0, 1, 1, 1, 1, 1, 1, 1, 0, 1, 1, 0, 0, 0, 1, 1, 1, 1, 0, 1, 1, 1, 2, 1, 2, 1, 2, 0, 3, 0, 3, 0, 3, 3, 3, 2, 3, 3, 3, 3, 0, 0, 0, 0, 3, 0, 0, 0, 0, 3, 0, 3, 0, 3, 0, 0, 1, 0, 0, 0, 0, 0, 3, 3, 3, 0, 0, 0, 0, 0, 0, 0, 0, 3, 3, 3, 0, 0, 0, 3, 0, 0, 0, 3, 0, 0, 0, 0, 1, 0, 0, 1, 0, 0, 0, 0, 0, 0, 1, 0, 1, 1, 0, 1, 1, 1, 1, 0, 0, 0, 0, 1, 0, 0, 1, 3, 0, 3, 0, 0, 3, 3, 3, 3, 0, 3, 3, 3, 3, 3, 3, 3, 0, 3, 3, 3, 3, 0, 0, 0, 0, 3, 3, 3]",513,121971,"[0, 1, 0, 1, 0, 1, 1, 0, 1, 0, 1, 1, 0, 0, 1, 0, 1, 0, 0, 0, 0, 0, 0, 1, 1, 1, 1, 1, 1, 0, 1, 0, 1, 1, 1, 0, 0, 0, 0, 1, 1, 0, 1, 1, 1, 1, 1, 0, 0, 1, 1, 1, 1, 1, 1, 1, 1, 1, 1, 0, 0, 0, 1, 1, 0, 0, 1, 0, 1, 0, 1, 0, 0, 0, 0, 0, 1, 1, 0, 1, 1, 1, 1, 1, 0, 1, 1, 2, 1, 1, 1, 0, 1, 0, 1, 1, 1, 0, 1, 1, 1, 1, 1, 1, 1, 0, 1, 1, 0, 0, 0, 1, 1, 1, 1, 0, 1, 1, 1, 2, 1, 2, 1, 2, 0, 3, 0, 3, 0, 3, 3, 3, 2, 3, 3, 3, 3, 0, 0, 0, 0, 3, 0, 0, 0, 0, 3, 0, 3, 0, 3, 0, 0, 1, 0, 0, 0, 0, 0, 3, 3, 3, 0, 0, 0, 0, 0, 0, 0, 0, 3, 3, 3, 0, 0, 0, 3, 0, 0, 0, 3, 0, 0, 0, 0, 1, 0, 0, 1, 0, 0, 0, 0, 0, 0, 1, 0, 1, 1, 0, 1, 1, 1, 1, 0, 0, 0, 0, 1, 0, 0, 1, 3, 0, 3, 0, 0, 3, 3, 3, 3, 0, 3, 0, 3, 3, 2, 3, 3, 3, 3, 0, 3, 3, 3, 3, 0, 0, 0, 0, 3, 3, 3]",505,32293,"[0, 1, 0, 1, 0, 1, 1, 0, 1, 1, 1, 0, 0, 0, 1, 0, 1, 0, 0, 0, 0, 0, 0, 1, 1, 1, 0, 0, 1, 0, 1, 0, 1, 1, 1, 1, 1, 0, 0, 1, 1, 0, 1, 1, 1, 1, 1, 0, 0, 1, 1, 1, 1, 1, 1, 1, 1, 1, 1, 0, 0, 0, 1, 1, 0, 1, 0, 0, 1, 1, 0, 0, 0, 0, 0, 1, 0, 1, 0, 1, 1, 1, 1, 1, 0, 1, 1, 2, 1, 1, 1, 0, 1, 0, 1, 1, 1, 0, 1, 1, 1, 1, 1, 1, 1, 0, 1, 1, 0, 0, 0, 1, 1, 1, 1, 0, 1, 1, 1, 2, 1, 2, 1, 2, 0, 3, 0, 3, 0, 3, 3, 3, 2, 3, 3, 3, 3, 0, 0, 0, 0, 3, 0, 0, 0, 0, 3, 0, 3, 0, 3, 0, 0, 1, 0, 0, 0, 0, 3, 0, 3, 3, 0, 0, 0, 0, 0, 0, 0, 0, 3, 3, 3, 0, 0, 0, 3, 0, 0, 0, 3, 0, 0, 0, 0, 1, 0, 0, 1, 0, 0, 0, 0, 0, 0, 1, 0, 1, 1, 0, 1, 1, 1, 1, 0, 0, 0, 0, 1, 0, 0, 1, 3, 0, 3, 3, 3, 0, 0, 3, 3, 0, 3, 3, 3, 3, 3, 3, 3, 0, 3, 3, 3, 3, 0, 0, 0, 0, 3, 3, 3]",505,33035,"[0, 1, 0, 1, 0, 1, 1, 0, 1, 1, 1, 0, 0, 0, 1, 0, 1, 0, 0, 0, 0, 0, 0, 1, 1, 1, 0, 0, 1, 0, 1, 0, 1, 1, 1, 1, 1, 0, 0, 1, 1, 0, 1, 1, 1, 1, 1, 0, 0, 1, 1, 1, 1, 1, 1, 1, 1, 1, 1, 0, 0, 0, 1, 1, 0, 1, 0, 0, 1, 1, 0, 0, 0, 0, 0, 1, 0, 1, 0, 1, 1, 1, 1, 1, 0, 1, 1, 2, 1, 1, 1, 0, 1, 0, 1, 1, 1, 0, 1, 1, 1, 1, 1, 1, 1, 0, 1, 1, 0, 0, 0, 1, 1, 1, 1, 0, 1, 1, 1, 2, 1, 2, 1, 2, 0, 3, 0, 3, 0, 3, 3, 3, 2, 3, 3, 3, 3, 0, 0, 0, 0, 3, 0, 0, 0, 0, 3, 0, 3, 0, 3, 0, 0, 1, 0, 0, 0, 0, 3, 0, 3, 3, 0, 0, 0, 0, 0, 0, 0, 0, 3, 3, 3, 0, 0, 0, 3, 0, 0, 0, 3, 0, 0, 0, 0, 1, 0, 0, 1, 0, 0, 0, 0, 0, 0, 1, 0, 1, 1, 0, 1, 1, 1, 1, 0, 0, 0, 0, 1, 0, 0, 1, 3, 0, 3, 3, 3, 0, 0, 3, 3, 0, 3, 3, 3, 3, 3, 3, 3, 0, 3, 3, 3, 3, 0, 0, 0, 0, 3, 3, 3]",505,33035,"[0, 1, 0, 1, 0, 1, 1, 0, 1, 1, 1, 0, 0, 0, 1, 0, 1, 0, 0, 0, 0, 0, 0, 1, 1, 1, 0, 0, 1, 0, 1, 0, 1, 1, 1, 1, 1, 0, 0, 1, 1, 0, 1, 1, 1, 1, 1, 0, 0, 1, 1, 1, 1, 1, 1, 1, 1, 1, 1, 0, 0, 0, 1, 1, 0, 1, 0, 0, 1, 1, 0, 0, 0, 0, 0, 1, 0, 1, 0, 1, 1, 1, 1, 1, 0, 1, 1, 2, 1, 1, 1, 0, 1, 0, 1, 1, 1, 0, 1, 1, 1, 1, 1, 1, 1, 0, 1, 1, 0, 0, 0, 1, 1, 1, 1, 0, 1, 1, 1, 2, 1, 2, 1, 2, 0, 3, 0, 3, 0, 3, 3, 3, 2, 3, 3, 3, 3, 0, 0, 0, 0, 3, 0, 0, 0, 0, 3, 0, 3, 0, 3, 0, 0, 1, 0, 0, 0, 0, 3, 0, 3, 3, 0, 0, 0, 0, 0, 0, 0, 0, 3, 3, 3, 0, 0, 0, 3, 0, 0, 0, 3, 0, 0, 0, 0, 1, 0, 0, 1, 0, 0, 0, 0, 0, 0, 1, 0, 1, 1, 0, 1, 1, 1, 1, 0, 0, 0, 0, 1, 0, 0, 1, 3, 0, 3, 3, 3, 0, 0, 3, 3, 0, 3, 3, 3, 3, 3, 3, 3, 0, 3, 3, 3, 3, 0, 0, 0, 0, 3, 3, 3]",505,33035,"[0, 1, 0, 1, 0, 1, 1, 0, 1, 1, 1, 0, 0, 0, 1, 0, 1, 0, 0, 0, 0, 0, 0, 1, 1, 1, 0, 0, 1, 0, 1, 0, 1, 1, 1, 1, 1, 0, 0, 1, 1, 0, 1, 1, 1, 1, 1, 0, 0, 1, 1, 1, 1, 1, 1, 1, 1, 1, 1, 0, 0, 0, 1, 1, 0, 1, 0, 0, 1, 1, 0, 0, 0, 0, 0, 1, 0, 1, 0, 1, 1, 1, 1, 1, 0, 1, 1, 2, 1, 1, 1, 0, 1, 0, 1, 1, 1, 0, 1, 1, 1, 1, 1, 1, 1, 0, 1, 1, 0, 0, 0, 1, 1, 1, 1, 0, 1, 1, 1, 2, 1, 2, 1, 2, 0, 3, 0, 3, 0, 3, 3, 3, 2, 3, 3, 3, 3, 0, 0, 0, 0, 3, 0, 0, 0, 0, 3, 0, 3, 0, 3, 0, 0, 1, 0, 0, 0, 0, 3, 0, 3, 3, 0, 0, 0, 0, 0, 0, 0, 0, 3, 3, 3, 0, 0, 0, 3, 0, 0, 0, 3, 0, 0, 0, 0, 1, 0, 0, 1, 0, 0, 0, 0, 0, 0, 1, 0, 1, 1, 0, 1, 1, 1, 1, 0, 0, 0, 0, 1, 0, 0, 1, 3, 0, 3, 3, 3, 0, 0, 3, 3, 0, 3, 3, 3, 3, 3, 3, 3, 0, 3, 3, 3, 3, 0, 0, 0, 0, 3, 3, 3]",505,33035,"[0, 1, 0, 1, 0, 1, 1, 0, 1, 1, 1, 0, 0, 0, 1, 0, 1, 0, 0, 0, 0, 0, 0, 1, 1, 1, 0, 0, 1, 0, 1, 0, 1, 1, 1, 1, 1, 0, 0, 1, 1, 0, 1, 1, 1, 1, 1, 0, 0, 1, 1, 1, 1, 1, 1, 1, 1, 1, 1, 0, 0, 0, 1, 1, 0, 1, 0, 0, 1, 1, 0, 0, 0, 0, 0, 1, 0, 1, 0, 1, 1, 1, 1, 1, 0, 1, 1, 2, 1, 1, 1, 0, 1, 0, 1, 1, 1, 0, 1, 1, 1, 1, 1, 1, 1, 0, 1, 1, 0, 0, 0, 1, 1, 1, 1, 0, 1, 1, 1, 2, 1, 2, 1, 2, 0, 3, 0, 3, 0, 3, 3, 3, 2, 3, 3, 3, 3, 0, 0, 0, 0, 3, 0, 0, 0, 0, 3, 0, 3, 0, 3, 0, 0, 1, 0, 0, 0, 0, 3, 0, 3, 3, 0, 0, 0, 0, 0, 0, 0, 0, 3, 3, 3, 0, 0, 0, 3, 0, 0, 0, 3, 0, 0, 0, 0, 1, 0, 0, 1, 0, 0, 0, 0, 0, 0, 1, 0, 1, 1, 0, 1, 1, 1, 1, 0, 0, 0, 0, 1, 0, 0, 1, 3, 0, 3, 3, 3, 0, 0, 3, 3, 0, 3, 3, 3, 3, 3, 3, 3, 0, 3, 3, 3, 3, 0, 0, 0, 0, 3, 3, 3]"
,,,,,,,,,,,,,,,,,,,,,,,,,,,,,,,,,
map12x12,140,445,"[0, 1, 1, 1, 1, 1, 1, 1, 0, 1, 0, 1, 2, 2, 1, 1, 0, 0, 0, 0, 0, 3, 0, 0, 0, 0, 0, 1]",118,246,"[1, 1, 0, 1, 1, 1, 1, 1, 1, 1, 0, 0, 2, 2, 1, 1, 0, 0, 0, 0, 3, 0, 0, 0, 0, 0, 1, 0]",118,235,"[1, 1, 0, 1, 1, 1, 1, 1, 1, 1, 0, 0, 2, 2, 1, 1, 0, 0, 0, 0, 3, 0, 0, 0, 0, 0, 1, 0]",118,224,"[1, 1, 0, 1, 1, 1, 1, 1, 1, 1, 0, 0, 2, 2, 1, 1, 0, 0, 0, 0, 3, 0, 0, 0, 0, 0, 1, 0]",118,200,"[0, 1, 1, 1, 1, 1, 1, 1, 1, 1, 0, 0, 2, 2, 1, 1, 0, 0, 0, 0, 3, 0, 0, 0, 0, 0, 1, 0]",118,240,"[0, 1, 1, 1, 1, 1, 1, 1, 1, 1, 0, 0, 2, 2, 1, 1, 0, 0, 0, 0, 3, 0, 0, 0, 0, 0, 1, 0]",118,253,"[1, 1, 0, 1, 1, 1, 1, 1, 1, 1, 0, 0, 2, 2, 1, 1, 0, 0, 0, 0, 3, 0, 0, 0, 0, 0, 1, 0]",118,257,"[1, 1, 0, 1, 1, 1, 1, 1, 1, 1, 0, 0, 2, 2, 1, 1, 0, 0, 0, 0, 3, 0, 0, 0, 0, 0, 1, 0]",118,257,"[1, 1, 0, 1, 1, 1, 1, 1, 1, 1, 0, 0, 2, 2, 1, 1, 0, 0, 0, 0, 3, 0, 0, 0, 0, 0, 1, 0]",118,257,"[1, 1, 0, 1, 1, 1, 1, 1, 1, 1, 0, 0, 2, 2, 1, 1, 0, 0, 0, 0, 3, 0, 0, 0, 0, 0, 1, 0]",118,257,"[1, 1, 0, 1, 1, 1, 1, 1, 1, 1, 0, 0, 2, 2, 1, 1, 0, 0, 0, 0, 3, 0, 0, 0, 0, 0, 1, 0]"
,,,,,,,,,,,,,,,,,,,,,,,,,,,,,,,,,
map15x15,215,858,"[0, 0, 0, 0, 0, 0, 0, 1, 1, 1, 0, 0, 1, 1, 0, 0, 0, 3, 1, 1, 1, 1, 2, 1, 1, 2, 2, 2, 2, 1, 1, 1, 1, 3, 3, 3, 3, 0, 0, 0, 0, 1, 1, 0, 0, 0, 1, 1]",178,669,"[0, 1, 0, 1, 1, 0, 1, 1, 1, 1, 1, 1, 1, 1, 1, 0, 0, 1, 1, 0, 0, 3, 3, 3, 3, 0, 3, 0, 3, 0, 3, 3, 3, 0, 0, 3, 1, 2, 2, 1, 1, 1, 0, 1, 1, 1, 1, 1, 0, 0, 1, 0]",178,665,"[0, 1, 0, 1, 1, 0, 1, 1, 1, 1, 1, 1, 1, 1, 1, 0, 0, 1, 1, 0, 0, 3, 3, 3, 3, 0, 3, 0, 3, 0, 3, 3, 3, 0, 0, 3, 1, 2, 2, 1, 1, 1, 0, 1, 1, 1, 1, 1, 0, 0, 1, 0]",178,651,"[0, 1, 0, 1, 1, 0, 1, 1, 1, 1, 1, 1, 1, 1, 1, 0, 0, 1, 1, 0, 0, 3, 3, 3, 3, 0, 3, 0, 3, 0, 3, 3, 3, 0, 0, 3, 1, 2, 2, 1, 1, 1, 0, 1, 1, 1, 1, 1, 0, 0, 1, 0]",178,604,"[0, 1, 0, 1, 1, 0, 1, 1, 1, 1, 1, 1, 1, 1, 1, 0, 0, 1, 1, 0, 0, 3, 3, 3, 3, 0, 3, 0, 3, 0, 3, 3, 3, 0, 0, 3, 1, 2, 2, 1, 1, 1, 0, 1, 1, 1, 1, 1, 0, 0, 1, 0]",195,707,"[0, 1, 0, 1, 1, 0, 1, 1, 1, 1, 1, 1, 1, 1, 1, 0, 0, 1, 1, 0, 0, 3, 3, 3, 3, 0, 3, 0, 3, 0, 3, 3, 3, 0, 0, 3, 1, 1, 0, 1, 1, 1, 1, 2, 2, 1, 1, 1, 0, 0, 1, 0]",178,666,"[0, 1, 0, 1, 1, 0, 1, 1, 1, 1, 1, 1, 1, 1, 1, 0, 0, 1, 1, 0, 0, 3, 3, 3, 3, 0, 3, 0, 3, 0, 3, 3, 3, 0, 0, 3, 1, 2, 2, 1, 1, 1, 0, 1, 1, 1, 1, 1, 0, 0, 1, 0]",178,673,"[0, 1, 0, 1, 1, 0, 1, 1, 1, 1, 1, 1, 1, 1, 1, 0, 0, 1, 1, 0, 0, 3, 3, 3, 3, 0, 3, 0, 3, 0, 3, 3, 3, 0, 0, 3, 1, 2, 2, 1, 1, 1, 0, 1, 1, 1, 1, 1, 0, 0, 1, 0]",178,673,"[0, 1, 0, 1, 1, 0, 1, 1, 1, 1, 1, 1, 1, 1, 1, 0, 0, 1, 1, 0, 0, 3, 3, 3, 3, 0, 3, 0, 3, 0, 3, 3, 3, 0, 0, 3, 1, 2, 2, 1, 1, 1, 0, 1, 1, 1, 1, 1, 0, 0, 1, 0]",178,673,"[0, 1, 0, 1, 1, 0, 1, 1, 1, 1, 1, 1, 1, 1, 1, 0, 0, 1, 1, 0, 0, 3, 3, 3, 3, 0, 3, 0, 3, 0, 3, 3, 3, 0, 0, 3, 1, 2, 2, 1, 1, 1, 0, 1, 1, 1, 1, 1, 0, 0, 1, 0]",178,673,"[0, 1, 0, 1, 1, 0, 1, 1, 1, 1, 1, 1, 1, 1, 1, 0, 0, 1, 1, 0, 0, 3, 3, 3, 3, 0, 3, 0, 3, 0, 3, 3, 3, 0, 0, 3, 1, 2, 2, 1, 1, 1, 0, 1, 1, 1, 1, 1, 0, 0, 1, 0]"
,,,,,,,,,,,,,,,,,,,,,,,,,,,,,,,,,
map20x20,203,1045,"[1, 0, 1, 0, 0, 0, 0, 1, 1, 1, 1, 1, 1, 1, 1, 1, 1, 1, 1, 1, 1, 0, 1, 1, 2, 0, 3, 0, 0, 1, 0, 0, 0, 0, 0, 3, 3, 0, 0, 1, 1, 0, 0, 0, 0, 1]",188,818,"[1, 1, 0, 0, 0, 0, 1, 0, 1, 1, 1, 1, 1, 1, 1, 1, 1, 1, 1, 1, 2, 2, 1, 1, 1, 0, 0, 0, 3, 0, 0, 1, 0, 0, 0, 0, 0, 3, 3, 1, 0, 0, 1, 0, 0, 1, 0, 0]",188,765,"[1, 1, 0, 0, 0, 0, 1, 0, 1, 1, 1, 1, 1, 1, 1, 1, 1, 1, 1, 1, 2, 2, 1, 1, 1, 0, 0, 0, 3, 0, 0, 1, 0, 0, 0, 0, 0, 3, 3, 1, 0, 0, 1, 0, 0, 1, 0, 0]",188,684,"[1, 1, 0, 0, 0, 0, 1, 0, 1, 1, 1, 1, 1, 1, 1, 1, 1, 1, 1, 1, 2, 2, 1, 1, 1, 0, 0, 0, 3, 0, 0, 1, 0, 0, 0, 0, 0, 3, 3, 1, 0, 0, 1, 0, 0, 1, 0, 0]",188,587,"[1, 1, 0, 0, 0, 0, 1, 0, 1, 1, 1, 1, 1, 1, 1, 1, 1, 1, 1, 1, 2, 2, 1, 1, 1, 0, 0, 0, 3, 0, 0, 1, 0, 0, 0, 0, 0, 3, 3, 1, 0, 0, 1, 0, 0, 1, 0, 0]",188,1002,"[1, 1, 0, 0, 0, 0, 1, 0, 1, 1, 1, 1, 1, 1, 1, 1, 1, 1, 1, 1, 2, 2, 1, 1, 1, 0, 0, 0, 3, 0, 0, 1, 0, 0, 0, 0, 0, 3, 3, 1, 0, 0, 1, 0, 0, 1, 0, 0]",188,823,"[1, 1, 0, 0, 0, 0, 1, 0, 1, 1, 1, 1, 1, 1, 1, 1, 1, 1, 1, 1, 2, 2, 1, 1, 1, 0, 0, 0, 3, 0, 0, 1, 0, 0, 0, 0, 0, 3, 3, 1, 0, 0, 1, 0, 0, 1, 0, 0]",188,838,"[1, 1, 0, 0, 0, 0, 1, 0, 1, 1, 1, 1, 1, 1, 1, 1, 1, 1, 1, 1, 2, 2, 1, 1, 1, 0, 0, 0, 3, 0, 0, 1, 0, 0, 0, 0, 0, 3, 3, 1, 0, 0, 1, 0, 0, 1, 0, 0]",188,838,"[1, 1, 0, 0, 0, 0, 1, 0, 1, 1, 1, 1, 1, 1, 1, 1, 1, 1, 1, 1, 2, 2, 1, 1, 1, 0, 0, 0, 3, 0, 0, 1, 0, 0, 0, 0, 0, 3, 3, 1, 0, 0, 1, 0, 0, 1, 0, 0]",188,838,"[1, 1, 0, 0, 0, 0, 1, 0, 1, 1, 1, 1, 1, 1, 1, 1, 1, 1, 1, 1, 2, 2, 1, 1, 1, 0, 0, 0, 3, 0, 0, 1, 0, 0, 0, 0, 0, 3, 3, 1, 0, 0, 1, 0, 0, 1, 0, 0]",188,838,"[1, 1, 0, 0, 0, 0, 1, 0, 1, 1, 1, 1, 1, 1, 1, 1, 1, 1, 1, 1, 2, 2, 1, 1, 1, 0, 0, 0, 3, 0, 0, 1, 0, 0, 0, 0, 0, 3, 3, 1, 0, 0, 1, 0, 0, 1, 0, 0]"
